Aggregated trade id,Price,Quantity,First breakdown trade id,Last breakdown trade id,Trade time,Maker,Ignored
67606799,0.00204810,1.65000000,82035088,82035088,1595708849470,True,True
67606800,0.00204800,1.65000000,82035089,82035089,1595708849531,True,True
67606801,0.00204780,5.35000000,82035090,82035090,1595708849531,True,True
67606802,0.00204760,5.35000000,82035091,82035091,1595708849565,True,True
67606803,0.00204740,2.20000000,82035092,82035092,1595708849762,True,True
67606804,0.00204610,1.75000000,82035093,82035093,1595708853160,True,True
67606805,0.00204760,47.50000000,82035094,82035094,1595708856830,False,True
67606806,0.00204760,6.26000000,82035095,82035095,1595708856874,False,True
67606807,0.00204660,62.23000000,82035096,82035096,1595708860823,True,True
67606808,0.00204720,1.78000000,82035097,82035097,1595708864314,True,True
67606809,0.00204730,73.46000000,82035098,82035098,1595708867750,True,True
67606810,0.00204820,3.15000000,82035099,82035099,1595708868388,True,True
67606811,0.00204810,1.00000000,82035100,82035100,1595708871821,False,True
67606812,0.00204730,1.61000000,82035101,82035101,1595708873600,True,True
67606813,0.00204750,103.53000000,82035102,82035102,1595708877425,True,True
67606814,0.00204750,0.41000000,82035103,82035103,1595708882168,True,True
67606815,0.00204830,0.07000000,82035104,82035104,1595708884854,False,True
67606816,0.00204830,1.00000000,82035105,82035105,1595708886681,False,True
67606817,0.00204830,0.58000000,82035106,82035106,1595708886905,False,True
67606818,0.00204780,85.27000000,82035107,82035107,1595708890367,False,True
67606819,0.00204780,0.11000000,82035108,82035108,1595708890627,False,True
67606820,0.00204820,3.15000000,82035109,82035109,1595708894423,True,True
67606821,0.00204780,0.05000000,82035110,82035110,1595708896739,False,True
67606822,0.00204780,2.28000000,82035111,82035111,1595708897064,False,True
67606823,0.00204810,1.22000000,82035112,82035112,1595708897064,False,True
67606824,0.00204760,69.40000000,82035113,82035113,1595708897613,True,True
67606825,0.00204750,5.00000000,82035114,82035114,1595708899201,True,True
67606826,0.00204790,1.56000000,82035115,82035115,1595708903153,False,True
67606827,0.00204830,3.33000000,82035116,82035116,1595708903153,False,True
67606828,0.00204840,29.49000000,82035117,82035117,1595708903153,False,True
67606829,0.00204770,63.21000000,82035118,82035118,1595708907635,True,True
67606830,0.00204780,53.45000000,82035119,82035119,1595708919504,True,True
67606831,0.00204790,0.89000000,82035120,82035120,1595708923293,False,True
67606832,0.00204790,1.80000000,82035121,82035121,1595708923683,False,True
67606833,0.00204810,0.35000000,82035122,82035122,1595708923683,False,True
67606834,0.00204810,0.86000000,82035123,82035123,1595708923999,False,True
67606835,0.00204810,1.15000000,82035124,82035124,1595708924363,False,True
67606836,0.00204810,2.02000000,82035125,82035126,1595708924729,False,True
67606837,0.00204830,0.44000000,82035127,82035127,1595708924729,False,True
67606838,0.00204790,2.24000000,82035128,82035128,1595708925090,False,True
67606839,0.00204800,0.31000000,82035129,82035129,1595708925090,False,True
67606840,0.00204790,0.05000000,82035130,82035130,1595708925389,False,True
67606841,0.00204790,1.09000000,82035131,82035131,1595708925459,False,True
67606842,0.00204790,1.15000000,82035132,82035132,1595708925821,False,True
67606843,0.00204800,0.06000000,82035133,82035133,1595708925821,False,True
67606844,0.00204790,0.05000000,82035134,82035134,1595708926848,False,True
67606845,0.00204760,0.97000000,82035135,82035136,1595708927380,True,True
67606846,0.00204740,47.01000000,82035137,82035137,1595708927380,True,True
67606847,0.00204750,57.76000000,82035138,82035138,1595708929642,True,True
67606848,0.00204740,51.93000000,82035139,82035139,1595708930515,True,True
67606849,0.00204740,24.11000000,82035140,82035140,1595708930544,True,True
67606850,0.00204740,12.40000000,82035141,82035141,1595708935273,True,True
67606851,0.00204740,6.83000000,82035142,82035142,1595708935296,True,True
67606852,0.00204750,73.85000000,82035143,82035143,1595708937454,False,True
67606853,0.00204770,3.85000000,82035144,82035144,1595708938957,False,True
67606854,0.00204760,1.00000000,82035145,82035145,1595708939944,False,True
67606855,0.00204740,34.02000000,82035146,82035146,1595708940510,True,True
67606856,0.00204740,70.00000000,82035147,82035147,1595708940517,True,True
67606857,0.00204740,140.00000000,82035148,82035148,1595708940517,True,True
67606858,0.00204740,70.00000000,82035149,82035149,1595708940519,True,True
67606859,0.00204740,70.00000000,82035150,82035150,1595708940523,True,True
67606860,0.00204740,14.55000000,82035151,82035151,1595708940524,True,True
67606861,0.00204740,12.51000000,82035152,82035152,1595708940528,True,True
67606862,0.00204740,55.45000000,82035153,82035153,1595708940533,True,True
67606863,0.00204730,14.55000000,82035154,82035154,1595708940549,True,True
67606864,0.00204710,2.08000000,82035155,82035155,1595708940667,False,True
67606865,0.00204730,4.96000000,82035156,82035156,1595708940667,False,True
67606866,0.00204680,2.10000000,82035157,82035157,1595708941624,True,True
67606867,0.00204660,1.44000000,82035158,82035158,1595708946541,False,True
67606868,0.00204650,4.48000000,82035159,82035159,1595708948942,True,True
67606869,0.00204600,3.02000000,82035160,82035160,1595708948942,True,True
67606870,0.00204660,1.00000000,82035161,82035161,1595708949047,False,True
67606871,0.00204660,3.15000000,82035162,82035162,1595708949488,False,True
67606872,0.00204660,0.05000000,82035163,82035163,1595708949678,False,True
67606873,0.00204660,1.21000000,82035164,82035165,1595708950520,False,True
67606874,0.00204650,109.18000000,82035166,82035166,1595708951339,False,True
67606875,0.00204610,76.75000000,82035167,82035167,1595708958807,True,True
67606876,0.00204640,0.05000000,82035168,82035168,1595708960271,False,True
67606877,0.00204630,0.57000000,82035169,82035169,1595708961880,False,True
67606878,0.00204630,0.77000000,82035170,82035170,1595708961899,False,True
67606879,0.00204630,0.46000000,82035171,82035171,1595708961920,False,True
67606880,0.00204640,0.10000000,82035172,82035172,1595708962625,False,True
67606881,0.00204610,0.18000000,82035173,82035173,1595708964868,False,True
67606882,0.00204610,10.00000000,82035174,82035174,1595708965059,False,True
67606883,0.00204630,0.15000000,82035175,82035175,1595708967731,False,True
67606884,0.00204610,51.96000000,82035176,82035176,1595708970898,True,True
67606885,0.00204630,0.98000000,82035177,82035177,1595708974473,False,True
67606886,0.00204640,0.52000000,82035178,82035178,1595708974473,False,True
67606887,0.00204620,0.58000000,82035179,82035179,1595708979906,False,True
67606888,0.00204630,0.42000000,82035180,82035180,1595708979906,False,True
67606889,0.00204600,4.58000000,82035181,82035181,1595708983586,True,True
67606890,0.00204560,2.00000000,82035182,82035182,1595708983586,True,True
67606891,0.00204530,23.32000000,82035183,82035183,1595708983586,True,True
67606892,0.00204540,107.26000000,82035184,82035184,1595708983838,True,True
67606893,0.00204600,5.10000000,82035185,82035185,1595708984079,False,True
67606894,0.00204550,2.24000000,82035186,82035186,1595708990464,True,True
67606895,0.00204520,3.77000000,82035187,82035187,1595708990464,True,True
67606896,0.00204520,131.87000000,82035188,82035188,1595708991313,True,True
67606897,0.00204510,356.37000000,82035189,82035189,1595708991313,True,True
67606898,0.00204540,135.37000000,82035190,82035190,1595708995607,False,True
67606899,0.00204560,2.00000000,82035191,82035191,1595708997399,False,True
67606900,0.00204520,78.34000000,82035192,82035192,1595709005724,True,True
67606901,0.00204530,0.73000000,82035193,82035193,1595709009671,True,True
67606902,0.00204600,0.93000000,82035194,82035194,1595709015755,False,True
67606903,0.00204530,76.49000000,82035195,82035195,1595709017015,True,True
67606904,0.00204600,0.05000000,82035196,82035196,1595709020000,False,True
67606905,0.00204610,0.05000000,82035197,82035197,1595709022080,False,True
67606906,0.00204580,0.27000000,82035198,82035198,1595709025933,False,True
67606907,0.00204620,0.13000000,82035199,82035199,1595709027017,False,True
67606908,0.00204620,24.30000000,82035200,82035200,1595709028544,False,True
67606909,0.00204630,37.89000000,82035201,82035201,1595709028544,False,True
67606910,0.00204630,0.13000000,82035202,82035202,1595709030230,False,True
67606911,0.00204590,0.25000000,82035203,82035203,1595709036817,False,True
67606912,0.00204590,99.52000000,82035204,82035204,1595709036853,False,True
67606913,0.00204570,0.37000000,82035205,82035205,1595709037303,True,True
67606914,0.00204600,6.01000000,82035206,82035206,1595709038640,False,True
67606915,0.00204600,1.47000000,82035207,82035207,1595709039291,False,True
67606916,0.00204600,48.21000000,82035208,82035208,1595709039401,False,True
67606917,0.00204600,11.40000000,82035209,82035209,1595709039522,False,True
67606918,0.00204600,1.75000000,82035210,82035210,1595709039998,False,True
67606919,0.00204600,2.73000000,82035211,82035211,1595709040013,False,True
67606920,0.00204600,6.99000000,82035212,82035212,1595709040106,False,True
67606921,0.00204600,1.74000000,82035213,82035213,1595709041391,False,True
67606922,0.00204600,0.22000000,82035214,82035214,1595709041496,False,True
67606923,0.00204600,97.84000000,82035215,82035215,1595709042225,False,True
67606924,0.00204600,1.27000000,82035216,82035216,1595709042849,False,True
67606925,0.00204600,0.29000000,82035217,82035217,1595709043736,False,True
67606926,0.00204600,30.70000000,82035218,82035218,1595709044672,False,True
67606927,0.00204610,63.71000000,82035219,82035219,1595709045179,False,True
67606928,0.00204620,0.12000000,82035220,82035220,1595709049120,False,True
67606929,0.00204630,10.33000000,82035221,82035221,1595709049140,False,True
67606930,0.00204650,2.19000000,82035222,82035222,1595709049195,False,True
67606931,0.00204690,70.00000000,82035223,82035224,1595709049278,False,True
67606932,0.00204700,2.17000000,82035225,82035225,1595709050527,True,True
67606933,0.00204630,42.80000000,82035226,82035227,1595709050527,True,True
67606934,0.00204610,120.73000000,82035228,82035228,1595709050542,False,True
67606935,0.00204610,70.00000000,82035229,82035229,1595709050594,False,True
67606936,0.00204610,140.00000000,82035230,82035230,1595709050598,False,True
67606937,0.00204610,115.05000000,82035231,82035231,1595709050606,False,True
67606938,0.00204730,52.25000000,82035232,82035232,1595709050739,False,True
67606939,0.00204710,2.11000000,82035233,82035233,1595709053679,True,True
67606940,0.00204700,2.22000000,82035234,82035234,1595709054086,True,True
67606941,0.00204700,1.99000000,82035235,82035235,1595709054181,True,True
67606942,0.00204700,2.18000000,82035236,82035236,1595709054284,True,True
67606943,0.00204590,29.49000000,82035237,82035238,1595709054850,True,True
67606944,0.00204580,0.05000000,82035239,82035239,1595709054850,True,True
67606945,0.00204580,0.02000000,82035240,82035240,1595709055677,False,True
67606946,0.00204530,107.59000000,82035241,82035241,1595709056217,True,True
67606947,0.00204520,0.26000000,82035242,82035242,1595709056222,True,True
67606948,0.00204510,7.80000000,82035243,82035243,1595709056222,True,True
67606949,0.00204540,0.09000000,82035244,82035244,1595709056495,False,True
67606950,0.00204510,15.33000000,82035245,82035245,1595709057004,True,True
67606951,0.00204510,15.79000000,82035246,82035246,1595709058519,True,True
67606952,0.00204530,2.18000000,82035247,82035247,1595709058685,False,True
67606953,0.00204530,119.92000000,82035248,82035251,1595709058689,False,True
67606954,0.00204660,3.25000000,82035252,82035252,1595709061658,False,True
67606955,0.00204670,27.75000000,82035253,82035253,1595709061658,False,True
67606956,0.00204640,64.81000000,82035254,82035254,1595709064913,False,True
67606957,0.00204650,0.91000000,82035255,82035255,1595709068050,False,True
67606958,0.00204640,1.00000000,82035256,82035256,1595709069631,False,True
67606959,0.00204660,0.06000000,82035257,82035257,1595709071223,False,True
67606960,0.00204520,35.18000000,82035258,82035258,1595709071323,True,True
67606961,0.00204520,105.71000000,82035259,82035259,1595709071386,True,True
67606962,0.00204510,84.92000000,82035260,82035262,1595709071504,True,True
67606963,0.00204500,70.00000000,82035263,82035266,1595709071523,True,True
67606964,0.00204500,70.00000000,82035267,82035267,1595709071527,True,True
67606965,0.00204500,148.73000000,82035268,82035268,1595709071534,True,True
67606966,0.00204500,2.62000000,82035269,82035269,1595709071542,True,True
67606967,0.00204500,5.86000000,82035270,82035270,1595709071566,True,True
67606968,0.00204500,20.87000000,82035271,82035272,1595709071590,True,True
67606969,0.00204500,35.18000000,82035273,82035273,1595709071603,True,True
67606970,0.00204600,89.78000000,82035274,82035274,1595709072269,False,True
67606971,0.00204600,4.71000000,82035275,82035275,1595709072718,False,True
67606972,0.00204490,2.62000000,82035276,82035278,1595709073954,True,True
67606973,0.00204480,20.87000000,82035279,82035283,1595709073958,True,True
67606974,0.00204460,1.36000000,82035284,82035287,1595709073993,True,True
67606975,0.00204450,0.32000000,82035288,82035288,1595709073993,True,True
67606976,0.00204450,0.86000000,82035289,82035290,1595709074118,True,True
67606977,0.00204440,2.50000000,82035291,82035291,1595709074118,True,True
67606978,0.00204420,35.18000000,82035292,82035292,1595709074360,True,True
67606979,0.00204420,0.11000000,82035293,82035293,1595709074360,True,True
67606980,0.00204420,1.74000000,82035294,82035294,1595709074360,True,True
67606981,0.00204420,5.86000000,82035295,82035295,1595709074573,True,True
67606982,0.00204420,35.19000000,82035296,82035296,1595709074601,True,True
67606983,0.00204420,26.04000000,82035297,82035297,1595709076967,True,True
67606984,0.00204540,2.68000000,82035298,82035298,1595709077021,False,True
67606985,0.00204420,35.20000000,82035299,82035299,1595709077362,True,True
67606986,0.00204520,0.22000000,82035300,82035300,1595709077518,False,True
67606987,0.00204420,17.59000000,82035301,82035301,1595709077542,True,True
67606988,0.00204420,14.15000000,82035302,82035302,1595709079467,True,True
67606989,0.00204420,47.50000000,82035303,82035303,1595709079469,True,True
67606990,0.00204420,0.98000000,82035304,82035304,1595709079474,True,True
67606991,0.00204420,41.34000000,82035305,82035307,1595709079476,True,True
67606992,0.00204410,0.98000000,82035308,82035308,1595709079481,True,True
67606993,0.00204400,5.47000000,82035309,82035311,1595709079481,True,True
67606994,0.00204400,0.77000000,82035312,82035314,1595709079483,True,True
67606995,0.00204400,0.21000000,82035315,82035316,1595709079483,True,True
67606996,0.00204390,0.60000000,82035317,82035317,1595709079483,True,True
67606997,0.00204390,0.17000000,82035318,82035318,1595709079483,True,True
67606998,0.00204370,0.06000000,82035319,82035319,1595709079483,True,True
67606999,0.00204370,0.75000000,82035320,82035322,1595709079488,True,True
67607000,0.00204360,0.21000000,82035323,82035323,1595709079488,True,True
67607001,0.00204360,0.75000000,82035324,82035324,1595709079593,True,True
67607002,0.00204350,0.23000000,82035325,82035326,1595709079593,True,True
67607003,0.00204340,1.13000000,82035327,82035328,1595709079593,True,True
67607004,0.00204330,0.41000000,82035329,82035329,1595709079593,True,True
67607005,0.00204320,44.98000000,82035330,82035339,1595709079593,True,True
67607006,0.00204320,47.73000000,82035340,82035340,1595709079606,True,True
67607007,0.00204320,8.24000000,82035341,82035341,1595709079613,True,True
67607008,0.00204460,22.16000000,82035342,82035342,1595709079683,False,True
67607009,0.00204320,22.15000000,82035343,82035343,1595709079699,True,True
67607010,0.00204460,22.12000000,82035344,82035345,1595709079758,False,True
67607011,0.00204370,0.98000000,82035346,82035346,1595709079993,True,True
67607012,0.00204310,8.24000000,82035347,82035352,1595709079993,True,True
67607013,0.00204300,3.00000000,82035353,82035353,1595709079993,True,True
67607014,0.00204290,3.96000000,82035354,82035357,1595709079993,True,True
67607015,0.00204280,1.71000000,82035358,82035361,1595709079993,True,True
67607016,0.00204270,1.24000000,82035362,82035363,1595709079993,True,True
67607017,0.00204260,5.45000000,82035364,82035365,1595709079993,True,True
67607018,0.00204250,2.62000000,82035366,82035367,1595709079993,True,True
67607019,0.00204240,5.54000000,82035368,82035369,1595709079993,True,True
67607020,0.00204230,7.68000000,82035370,82035372,1595709079993,True,True
67607021,0.00204220,0.75000000,82035373,82035375,1595709079993,True,True
67607022,0.00204210,31.07000000,82035376,82035377,1595709079993,True,True
67607023,0.00204210,4.10000000,82035378,82035378,1595709079993,True,True
67607024,0.00204370,0.98000000,82035379,82035379,1595709080315,True,True
67607025,0.00204330,0.98000000,82035380,82035380,1595709080897,True,True
67607026,0.00204380,1.17000000,82035381,82035381,1595709081343,False,True
67607027,0.00204360,0.98000000,82035382,82035382,1595709081900,False,True
67607028,0.00204360,0.82000000,82035383,82035383,1595709082342,False,True
67607029,0.00204300,87.35000000,82035384,82035384,1595709082604,True,True
67607030,0.00204350,0.15000000,82035385,82035385,1595709083340,False,True
67607031,0.00204290,0.97000000,82035386,82035386,1595709083629,True,True
67607032,0.00204280,4.07000000,82035387,82035387,1595709083629,True,True
67607033,0.00204350,0.97000000,82035388,82035388,1595709084305,False,True
67607034,0.00204340,133.98000000,82035389,82035389,1595709084414,False,True
67607035,0.00204340,0.01000000,82035390,82035390,1595709084414,False,True
67607036,0.00204350,54.94000000,82035391,82035391,1595709086498,False,True
67607037,0.00204360,50.00000000,82035392,82035392,1595709086897,False,True
67607038,0.00204370,3.41000000,82035393,82035394,1595709086906,False,True
67607039,0.00204390,48.25000000,82035395,82035396,1595709086906,False,True
67607040,0.00204450,54.90000000,82035397,82035397,1595709089197,False,True
67607041,0.00204350,18.69000000,82035398,82035398,1595709091487,True,True
67607042,0.00204470,107.66000000,82035399,82035399,1595709092692,False,True
67607043,0.00204360,124.70000000,82035400,82035400,1595709099346,False,True
67607044,0.00204370,0.59000000,82035401,82035401,1595709099398,False,True
67607045,0.00204310,0.74000000,82035402,82035402,1595709103536,True,True
67607046,0.00204370,6.35000000,82035403,82035403,1595709104366,False,True
67607047,0.00204390,93.65000000,82035404,82035405,1595709104366,False,True
67607048,0.00204390,53.29000000,82035406,82035406,1595709104403,False,True
67607049,0.00204400,47.05000000,82035407,82035407,1595709104403,False,True
67607050,0.00204410,10.01000000,82035408,82035408,1595709104424,False,True
67607051,0.00204410,0.98000000,82035409,82035409,1595709104518,False,True
67607052,0.00204410,36.92000000,82035410,82035410,1595709104603,False,True
67607053,0.00204450,1.33000000,82035411,82035411,1595709105267,False,True
67607054,0.00204460,3.36000000,82035412,82035412,1595709105267,False,True
67607055,0.00204540,0.57000000,82035413,82035413,1595709105267,False,True
67607056,0.00204520,14.70000000,82035414,82035414,1595709107797,False,True
67607057,0.00204520,106.40000000,82035415,82035415,1595709107812,False,True
67607058,0.00204520,12.39000000,82035416,82035416,1595709107823,True,True
67607059,0.00204520,2.31000000,82035417,82035417,1595709107909,True,True
67607060,0.00204530,1.00000000,82035418,82035418,1595709108971,False,True
67607061,0.00204530,0.05000000,82035419,82035419,1595709110566,False,True
67607062,0.00204530,11.44000000,82035420,82035420,1595709125421,False,True
67607063,0.00204500,1.58000000,82035421,82035421,1595709125763,True,True
67607064,0.00204540,0.05000000,82035422,82035422,1595709126865,False,True
67607065,0.00204620,1.95000000,82035423,82035423,1595709128239,False,True
67607066,0.00204660,8.02000000,82035424,82035424,1595709128239,False,True
67607067,0.00204670,0.05000000,82035425,82035425,1595709130103,False,True
67607068,0.00204670,2.00000000,82035426,82035426,1595709131811,False,True
67607069,0.00204660,102.46000000,82035427,82035427,1595709132654,False,True
67607070,0.00204680,3.15000000,82035428,82035429,1595709136739,False,True
67607071,0.00204720,1.00000000,82035430,82035430,1595709137300,False,True
67607072,0.00204740,0.05000000,82035431,82035431,1595709139661,False,True
67607073,0.00204730,124.96000000,82035432,82035432,1595709142123,False,True
67607074,0.00204740,1.04000000,82035433,82035433,1595709142147,False,True
67607075,0.00204760,1.57000000,82035434,82035434,1595709142147,False,True
67607076,0.00204760,0.05000000,82035435,82035435,1595709143169,False,True
67607077,0.00204750,0.35000000,82035436,82035436,1595709147086,False,True
67607078,0.00204680,0.15000000,82035437,82035437,1595709147363,True,True
67607079,0.00204680,9.22000000,82035438,82035438,1595709147627,True,True
67607080,0.00204670,69.55000000,82035439,82035439,1595709147627,True,True
67607081,0.00204660,2.53000000,82035440,82035440,1595709147627,True,True
67607082,0.00204650,5.35000000,82035441,82035441,1595709147627,True,True
67607083,0.00204640,8.29000000,82035442,82035443,1595709147627,True,True
67607084,0.00204580,45.45000000,82035444,82035444,1595709147627,True,True
67607085,0.00204580,359.61000000,82035445,82035445,1595709147636,False,True
67607086,0.00204750,127.03000000,82035446,82035446,1595709148608,False,True
67607087,0.00204760,3.57000000,82035447,82035448,1595709149478,False,True
67607088,0.00204760,8.89000000,82035449,82035449,1595709149532,True,True
67607089,0.00204670,5.35000000,82035450,82035450,1595709150433,True,True
67607090,0.00204740,4.34000000,82035451,82035452,1595709151825,False,True
67607091,0.00204780,145.70000000,82035453,82035453,1595709151825,False,True
67607092,0.00204790,2.04000000,82035454,82035454,1595709151825,False,True
67607093,0.00204800,54.93000000,82035455,82035456,1595709151825,False,True
67607094,0.00204810,3.65000000,82035457,82035457,1595709151825,False,True
67607095,0.00204830,9.96000000,82035458,82035458,1595709151825,False,True
67607096,0.00204740,0.24000000,82035459,82035459,1595709152081,False,True
67607097,0.00204640,0.36000000,82035460,82035460,1595709152401,True,True
67607098,0.00204760,2.31000000,82035461,82035461,1595709152536,False,True
67607099,0.00204660,0.12000000,82035462,82035462,1595709154830,True,True
67607100,0.00204700,148.82000000,82035463,82035463,1595709162309,True,True
67607101,0.00204720,0.18000000,82035464,82035464,1595709165064,False,True
67607102,0.00204710,0.05000000,82035465,82035465,1595709171826,False,True
67607103,0.00204650,5.39000000,82035466,82035466,1595709175321,True,True
67607104,0.00204650,15.22000000,82035467,82035467,1595709176767,True,True
67607105,0.00204660,2.02000000,82035468,82035468,1595709177609,False,True
67607106,0.00204700,0.01000000,82035469,82035469,1595709177609,False,True
67607107,0.00204700,1.23000000,82035470,82035470,1595709177983,False,True
67607108,0.00204690,2.39000000,82035471,82035471,1595709178719,False,True
67607109,0.00204690,14.73000000,82035472,82035472,1595709179038,False,True
67607110,0.00204700,0.90000000,82035473,82035473,1595709179038,False,True
67607111,0.00204800,13.97000000,82035474,82035474,1595709179038,False,True
67607112,0.00204800,0.93000000,82035475,82035475,1595709179075,False,True
67607113,0.00204710,1.79000000,82035476,82035477,1595709179808,False,True
67607114,0.00204710,1.31000000,82035478,82035478,1595709180174,False,True
67607115,0.00204730,1.72000000,82035479,82035479,1595709180532,False,True
67607116,0.00204670,2.45000000,82035480,82035480,1595709181823,True,True
67607117,0.00204650,0.28000000,82035481,82035481,1595709181823,True,True
67607118,0.00204540,9.25000000,82035482,82035482,1595709181823,True,True
67607119,0.00204720,0.87000000,82035483,82035483,1595709182956,False,True
67607120,0.00204700,68.49000000,82035484,82035484,1595709186110,False,True
67607121,0.00204650,0.07000000,82035485,82035485,1595709187643,True,True
67607122,0.00204690,0.83000000,82035486,82035486,1595709193056,False,True
67607123,0.00204660,49.22000000,82035487,82035487,1595709194265,False,True
67607124,0.00204660,49.22000000,82035488,82035488,1595709194287,False,True
67607125,0.00204660,10.70000000,82035489,82035489,1595709194288,False,True
67607126,0.00204660,0.86000000,82035490,82035490,1595709194304,False,True
67607127,0.00204760,87.19000000,82035491,82035491,1595709198376,False,True
67607128,0.00204720,0.58000000,82035492,82035492,1595709199520,True,True
67607129,0.00204770,60.24000000,82035493,82035493,1595709206653,False,True
67607130,0.00204770,3.46000000,82035494,82035494,1595709210325,True,True
67607131,0.00204770,3.05000000,82035495,82035495,1595709213754,True,True
67607132,0.00204780,0.11000000,82035496,82035496,1595709214148,False,True
67607133,0.00204770,2.30000000,82035497,82035497,1595709214982,True,True
67607134,0.00204770,81.00000000,82035498,82035498,1595709215553,False,True
67607135,0.00204770,0.21000000,82035499,82035499,1595709218263,False,True
67607136,0.00204770,1.00000000,82035500,82035500,1595709218681,False,True
67607137,0.00204760,0.08000000,82035501,82035501,1595709220322,True,True
67607138,0.00204750,7.30000000,82035502,82035502,1595709220322,True,True
67607139,0.00204760,145.35000000,82035503,82035503,1595709220987,False,True
67607140,0.00204770,0.37000000,82035504,82035504,1595709222527,False,True
67607141,0.00204780,1.10000000,82035505,82035505,1595709222527,False,True
67607142,0.00204780,2.27000000,82035506,82035506,1595709222887,False,True
67607143,0.00204780,1.39000000,82035507,82035507,1595709223242,False,True
67607144,0.00204780,0.80000000,82035508,82035508,1595709223637,False,True
67607145,0.00204780,1.10000000,82035509,82035509,1595709223990,False,True
67607146,0.00204780,0.71000000,82035510,82035510,1595709224354,False,True
67607147,0.00204780,0.33000000,82035511,82035511,1595709224662,False,True
67607148,0.00204750,1.83000000,82035512,82035512,1595709224974,True,True
67607149,0.00204770,0.30000000,82035513,82035513,1595709227151,False,True
67607150,0.00204710,2.10000000,82035514,82035514,1595709228592,True,True
67607151,0.00204700,5.68000000,82035515,82035516,1595709229829,True,True
67607152,0.00204670,2.03000000,82035517,82035517,1595709229829,True,True
67607153,0.00204720,2.14000000,82035518,82035518,1595709230657,True,True
67607154,0.00204710,1.87000000,82035519,82035519,1595709232592,True,True
67607155,0.00204760,145.89000000,82035520,82035520,1595709234723,False,True
67607156,0.00204770,0.91000000,82035521,82035521,1595709240612,False,True
67607157,0.00204780,0.09000000,82035522,82035522,1595709240612,False,True
67607158,0.00204780,0.18000000,82035523,82035523,1595709242018,False,True
67607159,0.00204770,96.57000000,82035524,82035524,1595709247745,False,True
67607160,0.00204700,23.54000000,82035525,82035525,1595709249187,True,True
67607161,0.00204680,1.86000000,82035526,82035526,1595709249200,True,True
67607162,0.00204650,5.77000000,82035527,82035527,1595709249995,True,True
67607163,0.00204540,89.45000000,82035528,82035528,1595709251414,True,True
67607164,0.00204550,4.88000000,82035529,82035529,1595709251860,True,True
67607165,0.00204550,5.78000000,82035530,82035530,1595709251863,True,True
67607166,0.00204610,88.81000000,82035531,82035531,1595709253089,False,True
67607167,0.00204660,2.09000000,82035532,82035532,1595709253288,False,True
67607168,0.00204670,2.37000000,82035533,82035533,1595709253487,False,True
67607169,0.00204690,1.73000000,82035534,82035534,1595709254466,False,True
67607170,0.00204690,2.49000000,82035535,82035535,1595709256831,True,True
67607171,0.00204680,3.20000000,82035536,82035536,1595709256831,True,True
67607172,0.00204670,83.35000000,82035537,82035537,1595709256831,True,True
67607173,0.00204650,3.79000000,82035538,82035538,1595709260332,True,True
67607174,0.00204660,3.17000000,82035539,82035540,1595709261297,False,True
67607175,0.00204750,55.17000000,82035541,82035541,1595709261531,False,True
67607176,0.00204760,2.27000000,82035542,82035542,1595709262034,False,True
67607177,0.00204770,3.87000000,82035543,82035543,1595709263734,False,True
67607178,0.00204690,90.97000000,82035544,82035544,1595709267478,True,True
67607179,0.00204770,1.33000000,82035545,82035545,1595709267943,False,True
67607180,0.00204770,2.00000000,82035546,82035546,1595709268342,False,True
67607181,0.00204650,1.35000000,82035547,82035547,1595709273703,True,True
67607182,0.00204660,0.27000000,82035548,82035548,1595709275172,True,True
67607183,0.00204740,0.10000000,82035549,82035549,1595709280493,False,True
67607184,0.00204680,62.06000000,82035550,82035550,1595709282386,True,True
67607185,0.00204740,1.07000000,82035551,82035551,1595709283170,False,True
67607186,0.00204740,0.09000000,82035552,82035552,1595709283191,False,True
67607187,0.00204580,42.58000000,82035553,82035554,1595709283244,True,True
67607188,0.00204730,0.65000000,82035555,82035555,1595709283686,False,True
67607189,0.00204590,0.06000000,82035556,82035556,1595709283901,True,True
67607190,0.00204740,2.76000000,82035557,82035557,1595709284932,False,True
67607191,0.00204750,0.43000000,82035558,82035558,1595709284932,False,True
67607192,0.00204740,0.12000000,82035559,82035559,1595709287956,False,True
67607193,0.00204610,86.74000000,82035560,82035560,1595709288452,True,True
67607194,0.00204730,1.65000000,82035561,82035561,1595709293090,False,True
67607195,0.00204770,6.35000000,82035562,82035563,1595709293090,False,True
67607196,0.00204690,113.29000000,82035564,82035564,1595709295856,True,True
67607197,0.00204640,126.54000000,82035565,82035565,1595709301612,True,True
67607198,0.00204710,1.88000000,82035566,82035566,1595709304240,False,True
67607199,0.00204770,3.35000000,82035567,82035567,1595709304240,False,True
67607200,0.00204780,0.76000000,82035568,82035568,1595709304240,False,True
67607201,0.00204600,4.61000000,82035569,82035569,1595709304636,True,True
67607202,0.00204600,4.07000000,82035570,82035570,1595709304638,True,True
67607203,0.00204600,0.08000000,82035571,82035571,1595709305238,True,True
67607204,0.00204660,0.20000000,82035572,82035572,1595709306110,False,True
67607205,0.00204710,2.30000000,82035573,82035573,1595709307243,False,True
67607206,0.00204760,3.44000000,82035574,82035574,1595709307243,False,True
67607207,0.00204770,0.25000000,82035575,82035575,1595709307243,False,True
67607208,0.00204710,0.05000000,82035576,82035576,1595709307518,False,True
67607209,0.00204620,0.17000000,82035577,82035577,1595709309615,True,True
67607210,0.00204660,1.64000000,82035578,82035578,1595709310244,False,True
67607211,0.00204760,1.35000000,82035579,82035579,1595709310244,False,True
67607212,0.00204770,3.00000000,82035580,82035580,1595709310244,False,True
67607213,0.00204660,68.21000000,82035581,82035581,1595709310556,False,True
67607214,0.00204620,8.76000000,82035582,82035582,1595709312094,True,True
67607215,0.00204700,1.89000000,82035583,82035583,1595709313261,False,True
67607216,0.00204730,4.10000000,82035584,82035584,1595709313261,False,True
67607217,0.00204670,1.80000000,82035585,82035585,1595709313429,True,True
67607218,0.00204640,2.25000000,82035586,82035586,1595709314324,True,True
67607219,0.00204630,33.30000000,82035587,82035587,1595709314324,True,True
67607220,0.00204630,102.75000000,82035588,82035588,1595709314328,True,True
67607221,0.00204680,0.50000000,82035589,82035589,1595709314441,False,True
67607222,0.00204600,95.00000000,82035590,82035590,1595709314473,True,True
67607223,0.00204600,2.16000000,82035591,82035591,1595709314473,True,True
67607224,0.00204600,95.00000000,82035592,82035592,1595709314473,True,True
67607225,0.00204600,21.64000000,82035593,82035593,1595709314478,True,True
67607226,0.00204600,20.00000000,82035594,82035594,1595709314479,True,True
67607227,0.00204600,0.12000000,82035595,82035595,1595709314480,True,True
67607228,0.00204600,1.73000000,82035596,82035596,1595709314481,True,True
67607229,0.00204600,7.72000000,82035597,82035597,1595709314585,True,True
67607230,0.00204580,0.12000000,82035598,82035598,1595709315026,True,True
67607231,0.00204540,0.19000000,82035599,82035599,1595709315151,True,True
67607232,0.00204540,0.08000000,82035600,82035600,1595709315166,True,True
67607233,0.00204540,9.80000000,82035601,82035601,1595709315903,True,True
67607234,0.00204570,4.11000000,82035602,82035602,1595709316270,False,True
67607235,0.00204580,1.88000000,82035603,82035603,1595709316270,False,True
67607236,0.00204550,145.25000000,82035604,82035604,1595709316555,True,True
67607237,0.00204540,42.94000000,82035605,82035605,1595709318408,True,True
67607238,0.00204540,171.92000000,82035606,82035606,1595709318421,True,True
67607239,0.00204530,73.00000000,82035607,82035608,1595709318431,True,True
67607240,0.00204460,0.28000000,82035609,82035609,1595709318838,True,True
67607241,0.00204470,4.49000000,82035610,82035611,1595709319263,False,True
67607242,0.00204480,1.50000000,82035612,82035612,1595709319263,False,True
67607243,0.00204460,2.87000000,82035613,82035613,1595709321826,False,True
67607244,0.00204410,64.09000000,82035614,82035614,1595709321826,True,True
67607245,0.00204460,2.76000000,82035615,82035615,1595709322266,False,True
67607246,0.00204470,3.23000000,82035616,82035616,1595709322266,False,True
67607247,0.00204450,5.35000000,82035617,82035617,1595709322427,False,True
67607248,0.00204460,2.68000000,82035618,82035618,1595709322435,False,True
67607249,0.00204450,88.81000000,82035619,82035619,1595709322530,False,True
67607250,0.00204470,17.12000000,82035620,82035620,1595709322536,False,True
67607251,0.00204520,1.37000000,82035621,82035621,1595709322547,False,True
67607252,0.00204520,4.61000000,82035622,82035622,1595709323440,False,True
67607253,0.00204520,5.99000000,82035623,82035623,1595709325281,False,True
67607254,0.00204410,4.00000000,82035624,82035624,1595709325332,True,True
67607255,0.00204510,0.24000000,82035625,82035625,1595709326281,False,True
67607256,0.00204490,2.57000000,82035626,82035626,1595709328291,False,True
67607257,0.00204500,3.42000000,82035627,82035627,1595709328291,False,True
67607258,0.00204400,0.06000000,82035628,82035628,1595709329682,True,True
67607259,0.00204460,5.99000000,82035629,82035629,1595709331299,False,True
67607260,0.00204460,17.55000000,82035630,82035630,1595709331639,False,True
67607261,0.00204470,9.63000000,82035631,82035631,1595709331833,False,True
67607262,0.00204530,90.34000000,82035632,82035632,1595709333827,False,True
67607263,0.00204540,0.15000000,82035633,82035633,1595709335702,False,True
67607264,0.00204530,0.50000000,82035634,82035634,1595709339485,False,True
67607265,0.00204590,2.45000000,82035635,82035635,1595709340241,False,True
67607266,0.00204480,137.12000000,82035636,82035636,1595709340532,True,True
67607267,0.00204480,34.35000000,82035637,82035637,1595709340810,True,True
67607268,0.00204490,2.56000000,82035638,82035638,1595709342816,True,True
67607269,0.00204490,4.10000000,82035639,82035640,1595709344176,True,True
67607270,0.00204600,0.12000000,82035641,82035641,1595709346077,False,True
67607271,0.00204480,4.55000000,82035642,82035642,1595709350696,True,True
67607272,0.00204540,0.60000000,82035643,82035643,1595709354539,False,True
67607273,0.00204490,130.32000000,82035644,82035644,1595709354921,True,True
67607274,0.00204480,3.79000000,82035645,82035645,1595709357805,True,True
67607275,0.00204550,0.66000000,82035646,82035646,1595709358551,False,True
67607276,0.00204600,0.84000000,82035647,82035647,1595709367466,False,True
67607277,0.00204600,0.07000000,82035648,82035648,1595709367694,False,True
67607278,0.00204490,0.05000000,82035649,82035649,1595709369911,True,True
67607279,0.00204410,67.38000000,82035650,82035650,1595709370765,True,True
67607280,0.00204400,34.64000000,82035651,82035651,1595709371349,True,True
67607281,0.00204460,0.15000000,82035652,82035652,1595709378272,False,True
67607282,0.00204430,14.93000000,82035653,82035654,1595709379891,False,True
67607283,0.00204410,7.15000000,82035655,82035655,1595709380516,False,True
67607284,0.00204400,0.79000000,82035656,82035656,1595709381825,True,True
67607285,0.00204400,2.87000000,82035657,82035657,1595709382523,True,True
67607286,0.00204410,111.63000000,82035658,82035658,1595709382755,True,True
67607287,0.00204400,5.20000000,82035659,82035659,1595709383196,True,True
67607288,0.00204400,13.66000000,82035660,82035661,1595709383567,True,True
67607289,0.00204340,2.45000000,82035662,82035662,1595709384063,True,True
67607290,0.00204340,6.62000000,82035663,82035663,1595709384305,True,True
67607291,0.00204390,0.31000000,82035664,82035664,1595709384688,False,True
67607292,0.00204340,27.00000000,82035665,82035666,1595709385145,True,True
67607293,0.00204380,26.20000000,82035667,82035667,1595709386062,False,True
67607294,0.00204350,6.83000000,82035668,82035668,1595709386701,False,True
67607295,0.00204340,17.60000000,82035669,82035669,1595709387044,True,True
67607296,0.00204340,5.87000000,82035670,82035670,1595709387185,True,True
67607297,0.00204340,5.68000000,82035671,82035671,1595709390343,True,True
67607298,0.00204350,11.37000000,82035672,82035673,1595709391296,False,True
