Open_time,Open,High,Low,Close,Volume,Close_time,Quote asset volume,Number of trades,Taker buy base asset volume,Taker buy quote asset volume,Ignored
2020-07-12 13:30:00,0.00197310,0.00197320,0.00194800,0.00197220,72021.35000000,1594562399999,141.19714997,5606,36019.99000000,70.63159236,0
2020-07-12 14:00:00,0.00197220,0.00197220,0.00196330,0.00196870,16449.92000000,1594564199999,32.34847013,1485,8574.22000000,16.86244380,0
2020-07-12 14:30:00,0.00196790,0.00198340,0.00196650,0.00198040,16098.51000000,1594565999999,31.80535268,1741,8776.69000000,17.33087022,0
2020-07-12 15:00:00,0.00198040,0.00198300,0.00197250,0.00198020,9447.63000000,1594567799999,18.68978418,1271,4408.87000000,8.72510914,0
2020-07-12 15:30:00,0.00198000,0.00198140,0.00197300,0.00197330,8809.97000000,1594569599999,17.42245813,1185,3822.86000000,7.56395762,0
2020-07-12 16:00:00,0.00197330,0.00197330,0.00196000,0.00197080,24566.04000000,1594571399999,48.31672961,2260,10671.54000000,20.99131892,0
2020-07-12 16:30:00,0.00197090,0.00197210,0.00196260,0.00196740,11609.05000000,1594573199999,22.83975207,1593,4913.13000000,9.66739760,0
2020-07-12 17:00:00,0.00196870,0.00197480,0.00196710,0.00197480,9531.10000000,1594574999999,18.78812121,1135,3944.76000000,7.77926017,0
2020-07-12 17:30:00,0.00197460,0.00197750,0.00197240,0.00197720,6942.03000000,1594576799999,13.70785091,843,3926.74000000,7.75463452,0
2020-07-12 18:00:00,0.00197740,0.00199290,0.00197740,0.00199010,28500.78000000,1594578599999,56.65315018,2161,16605.64000000,32.98616910,0
2020-07-12 18:30:00,0.00199000,0.00199200,0.00198260,0.00198990,9982.06000000,1594580399999,19.84017890,1108,4459.99000000,8.86476930,0
2020-07-12 19:00:00,0.00198990,0.00198990,0.00197520,0.00197860,9138.22000000,1594582199999,18.11730108,1325,3156.42000000,6.25750225,0
2020-07-12 19:30:00,0.00197850,0.00198120,0.00197010,0.00197740,15666.62000000,1594583999999,30.95692386,1602,6664.44000000,13.17403157,0
2020-07-12 20:00:00,0.00197810,0.00197890,0.00197270,0.00197400,10651.71000000,1594585799999,21.04524180,1127,4347.77000000,8.59064967,0
2020-07-12 20:30:00,0.00197310,0.00197370,0.00196780,0.00196930,9137.66000000,1594587599999,18.00409242,1248,4010.73000000,7.90346577,0
2020-07-12 21:00:00,0.00196950,0.00197100,0.00196860,0.00196950,4794.18000000,1594589399999,9.44329818,791,3051.60000000,6.01088863,0
2020-07-12 21:30:00,0.00196930,0.00196980,0.00196200,0.00196400,10806.32000000,1594591199999,21.23892331,1447,4424.85000000,8.69741040,0
2020-07-12 22:00:00,0.00196380,0.00196980,0.00196210,0.00196870,11068.17000000,1594592999999,21.76430259,1246,4897.30000000,9.63161777,0
2020-07-12 22:30:00,0.00196850,0.00196870,0.00195690,0.00195820,17119.50000000,1594594799999,33.57140924,1578,6885.78000000,13.50230814,0
2020-07-12 23:00:00,0.00195840,0.00196240,0.00195700,0.00195750,10161.54000000,1594596599999,19.90985611,1045,6090.97000000,11.93301344,0
2020-07-12 23:30:00,0.00195750,0.00197010,0.00195660,0.00196910,16110.42000000,1594598399999,31.66537620,1845,10555.78000000,20.75038471,0
2020-07-13 00:00:00,0.00196860,0.00196860,0.00195740,0.00196140,28618.06000000,1594600199999,56.11079659,1547,16451.22000000,32.25611821,0
2020-07-13 00:30:00,0.00196120,0.00196120,0.00195000,0.00195610,31426.49000000,1594601999999,61.46964774,2035,15490.10000000,30.31885050,0
2020-07-13 01:00:00,0.00195590,0.00195680,0.00193260,0.00193400,49175.19000000,1594603799999,95.54151338,3738,20502.14000000,39.84668843,0
2020-07-13 01:30:00,0.00193420,0.00194100,0.00193200,0.00193650,40563.90000000,1594605599999,78.53494324,2167,17664.59000000,34.20464573,0
2020-07-13 02:00:00,0.00193670,0.00193770,0.00191060,0.00193220,61204.91000000,1594607399999,117.73619463,4251,26399.11000000,50.82755223,0
2020-07-13 02:30:00,0.00193210,0.00194220,0.00192680,0.00194030,21096.31000000,1594609199999,40.83599065,1862,12807.79000000,24.79599422,0
2020-07-13 03:00:00,0.00194020,0.00195350,0.00193870,0.00194600,48648.17000000,1594610999999,94.75861602,2152,21861.84000000,42.57111013,0
2020-07-13 03:30:00,0.00194600,0.00195300,0.00194570,0.00194710,13770.15000000,1594612799999,26.84416406,1058,6653.58000000,12.97328209,0
2020-07-13 04:00:00,0.00194680,0.00194920,0.00193720,0.00194270,14885.54000000,1594614599999,28.93378525,1394,6104.56000000,11.87020445,0
2020-07-13 04:30:00,0.00194280,0.00194890,0.00194270,0.00194810,9503.93000000,1594616399999,18.49367809,1061,5783.82000000,11.25493815,0
2020-07-13 05:00:00,0.00194800,0.00195270,0.00194800,0.00195150,9872.60000000,1594618199999,19.25756228,1213,5966.50000000,11.63921299,0
2020-07-13 05:30:00,0.00195160,0.00195350,0.00194800,0.00195000,9515.78000000,1594619999999,18.57184491,1086,4842.45000000,9.45315364,0
2020-07-13 06:00:00,0.00194990,0.00195050,0.00194200,0.00195050,17470.47000000,1594621799999,34.00423728,2141,8525.30000000,16.59327104,0
2020-07-13 06:30:00,0.00195030,0.00195050,0.00193890,0.00194020,20373.96000000,1594623599999,39.56632363,1729,9833.26000000,19.09766580,0
2020-07-13 07:00:00,0.00194000,0.00195270,0.00193980,0.00195130,15160.57000000,1594625399999,29.50479000,1495,10785.22000000,20.99186101,0
2020-07-13 07:30:00,0.00195160,0.00195850,0.00195000,0.00195780,32858.89000000,1594627199999,64.20667828,2850,11932.71000000,23.33077716,0
2020-07-13 08:00:00,0.00195790,0.00196660,0.00195510,0.00196600,18305.69000000,1594628999999,35.88252871,2039,12797.34000000,25.08697964,0
2020-07-13 08:30:00,0.00196600,0.00196930,0.00195900,0.00196210,20186.20000000,1594630799999,39.60915267,1606,5821.11000000,11.43097920,0
2020-07-13 09:00:00,0.00196180,0.00196350,0.00195700,0.00195910,15786.70000000,1594632599999,30.96575756,1692,7433.84000000,14.58715801,0
2020-07-13 09:30:00,0.00195850,0.00196310,0.00195700,0.00196130,16602.63000000,1594634399999,32.55275686,1341,7618.26000000,14.93434091,0
2020-07-13 10:00:00,0.00196130,0.00196450,0.00195830,0.00196270,9067.56000000,1594636199999,17.79871059,952,6145.06000000,12.06384330,0
2020-07-13 10:30:00,0.00196250,0.00196970,0.00196250,0.00196410,12469.67000000,1594637999999,24.52286455,1365,4897.14000000,9.63385537,0
2020-07-13 11:00:00,0.00196440,0.00199010,0.00196410,0.00199010,52713.81000000,1594639799999,104.21866906,3688,35797.67000000,70.78570189,0
2020-07-13 11:30:00,0.00199000,0.00202390,0.00198990,0.00201300,90649.15000000,1594641599999,182.03966295,7977,65231.49000000,130.98046612,0
2020-07-13 12:00:00,0.00201300,0.00202990,0.00200280,0.00202980,59324.49000000,1594643399999,119.61465390,4088,41787.70000000,84.28805351,0
2020-07-13 12:30:00,0.00202970,0.00203500,0.00201500,0.00201880,33311.23000000,1594645199999,67.52157546,3511,20381.72000000,41.33149599,0
2020-07-13 13:00:00,0.00201910,0.00202890,0.00200490,0.00202830,49797.10000000,1594646999999,100.39337438,4041,26110.58000000,52.68092120,0
2020-07-13 13:30:00,0.00202800,0.00203820,0.00201850,0.00202280,60389.11000000,1594648799999,122.65349378,4096,22904.57000000,46.51332480,0
2020-07-13 14:00:00,0.00202360,0.00203310,0.00202020,0.00202550,25169.70000000,1594650599999,51.03729032,1914,11635.23000000,23.60210118,0
2020-07-13 14:30:00,0.00202550,0.00202740,0.00200350,0.00200860,24826.10000000,1594652399999,50.01383543,2658,7525.43000000,15.15786931,0
2020-07-13 15:00:00,0.00200900,0.00202810,0.00200760,0.00202750,23956.15000000,1594654199999,48.35608944,2279,11204.89000000,22.60788577,0
2020-07-13 15:30:00,0.00202750,0.00202750,0.00200500,0.00201520,32879.22000000,1594655999999,66.21468414,2889,12130.82000000,24.43896685,0
2020-07-13 16:00:00,0.00201510,0.00202580,0.00201470,0.00202350,14840.91000000,1594657799999,29.99350002,1917,9594.48000000,19.39362023,0
2020-07-13 16:30:00,0.00202340,0.00203430,0.00202230,0.00203280,123625.61000000,1594659599999,250.64400474,1858,18037.97000000,36.59889219,0
2020-07-13 17:00:00,0.00203300,0.00203550,0.00202650,0.00203150,45104.74000000,1594661399999,91.67309588,2007,9878.53000000,20.07609261,0
2020-07-13 17:30:00,0.00203150,0.00203380,0.00202640,0.00202800,15106.00000000,1594663199999,30.66160056,1473,6958.51000000,14.12260184,0
2020-07-13 18:00:00,0.00202800,0.00203000,0.00201300,0.00201510,19280.67000000,1594664999999,38.96867752,2095,8602.02000000,17.39190376,0
2020-07-13 18:30:00,0.00201490,0.00201500,0.00199840,0.00199970,45874.44000000,1594666799999,92.01844992,3318,18712.62000000,37.53437599,0
2020-07-13 19:00:00,0.00199870,0.00200770,0.00197780,0.00197960,36680.39000000,1594668599999,73.09895992,3590,16237.74000000,32.42024723,0
2020-07-13 19:30:00,0.00198060,0.00198570,0.00195120,0.00197640,59263.36000000,1594670399999,116.72557307,7014,25844.98000000,50.96632226,0
2020-07-13 20:00:00,0.00197670,0.00198480,0.00194770,0.00198090,57730.48000000,1594672199999,113.38706117,5913,28748.12000000,56.51177691,0
2020-07-13 20:30:00,0.00198150,0.00199370,0.00197890,0.00198840,31683.40000000,1594673999999,62.93454808,3436,14686.98000000,29.18846737,0
2020-07-13 21:00:00,0.00198840,0.00198930,0.00197620,0.00198100,10106.34000000,1594675799999,20.03377657,1658,3973.37000000,7.87257080,0
2020-07-13 21:30:00,0.00198150,0.00198660,0.00197680,0.00197980,6810.88000000,1594677599999,13.49174970,1046,3225.65000000,6.39010835,0
2020-07-13 22:00:00,0.00197970,0.00198020,0.00195330,0.00196420,21811.35000000,1594679399999,42.87330257,2797,8457.11000000,16.63100227,0
2020-07-13 22:30:00,0.00196460,0.00197430,0.00195900,0.00196830,49162.24000000,1594681199999,96.75602614,1824,13026.83000000,25.60943321,0
2020-07-13 23:00:00,0.00196820,0.00198380,0.00196370,0.00198380,35601.69000000,1594682999999,70.20830742,2215,16141.72000000,31.84903767,0
2020-07-13 23:30:00,0.00198310,0.00199310,0.00197790,0.00199150,23001.32000000,1594684799999,45.68012019,2117,12135.40000000,24.10721976,0
2020-07-14 00:00:00,0.00199130,0.00200460,0.00196770,0.00200300,50246.85000000,1594686599999,99.84956220,3875,28231.24000000,56.17157378,0
2020-07-14 00:30:00,0.00200280,0.00200990,0.00199200,0.00200790,44496.32000000,1594688399999,89.08954015,2855,26528.32000000,53.13500641,0
2020-07-14 01:00:00,0.00200770,0.00202380,0.00200180,0.00202330,61747.58000000,1594690199999,124.42004822,3441,38754.16000000,78.10457788,0
2020-07-14 01:30:00,0.00202280,0.00202530,0.00201700,0.00202070,26909.92000000,1594691999999,54.42169322,1592,17172.55000000,34.73428096,0
2020-07-14 02:00:00,0.00202010,0.00203100,0.00201060,0.00202440,43368.36000000,1594693799999,87.62990766,2362,23405.87000000,47.33391600,0
2020-07-14 02:30:00,0.00202410,0.00202450,0.00200530,0.00200570,17399.22000000,1594695599999,35.06376074,1831,8126.35000000,16.37782274,0
2020-07-14 03:00:00,0.00200560,0.00200690,0.00197490,0.00198270,30659.78000000,1594697399999,60.99786410,3550,15900.07000000,31.60752312,0
2020-07-14 03:30:00,0.00198250,0.00198460,0.00196740,0.00196950,21732.53000000,1594699199999,42.99095036,1836,9319.35000000,18.44010514,0
2020-07-14 04:00:00,0.00196980,0.00198000,0.00196600,0.00197380,26956.28000000,1594700999999,53.17521844,2314,14078.51000000,27.77559432,0
2020-07-14 04:30:00,0.00197380,0.00198760,0.00197110,0.00198360,19746.39000000,1594702799999,39.11784872,1732,11806.77000000,23.38601263,0
2020-07-14 05:00:00,0.00198370,0.00198370,0.00197340,0.00198000,11852.19000000,1594704599999,23.44940593,1289,5786.98000000,11.44667586,0
2020-07-14 05:30:00,0.00198010,0.00198550,0.00197910,0.00198050,11948.70000000,1594706399999,23.67520975,1053,3386.83000000,6.71305918,0
2020-07-14 06:00:00,0.00198110,0.00198160,0.00197000,0.00197770,14488.91000000,1594708199999,28.61572154,1310,6607.81000000,13.05219477,0
2020-07-14 06:30:00,0.00197680,0.00198020,0.00197360,0.00197690,11091.88000000,1594709999999,21.93476904,987,4915.06000000,9.71993916,0
2020-07-14 07:00:00,0.00197690,0.00197690,0.00196580,0.00197140,13388.95000000,1594711799999,26.39817233,1415,4974.75000000,9.81275202,0
2020-07-14 07:30:00,0.00197160,0.00197370,0.00196500,0.00197020,20648.61000000,1594713599999,40.65609894,1281,11633.48000000,22.90596509,0
2020-07-14 08:00:00,0.00197000,0.00198600,0.00196940,0.00198320,24095.43000000,1594715399999,47.63579157,1865,13977.28000000,27.62351149,0
2020-07-14 08:30:00,0.00198300,0.00199950,0.00198000,0.00198930,41730.49000000,1594717199999,82.97159605,2561,22767.68000000,45.29291510,0
2020-07-14 09:00:00,0.00198930,0.00199700,0.00198480,0.00199560,12110.32000000,1594718999999,24.12118173,1533,5463.72000000,10.88741934,0
2020-07-14 09:30:00,0.00199490,0.00200480,0.00198870,0.00200460,19372.79000000,1594720799999,38.69196802,1814,11264.84000000,22.50832549,0
2020-07-14 10:00:00,0.00200470,0.00200500,0.00197810,0.00198800,35467.75000000,1594722599999,70.62807534,2529,10978.16000000,21.83816653,0
2020-07-14 10:30:00,0.00198800,0.00198800,0.00197000,0.00197700,23577.88000000,1594724399999,46.62648898,2182,7529.84000000,14.89220954,0
2020-07-14 11:00:00,0.00197730,0.00198770,0.00195710,0.00196880,46898.28000000,1594726199999,92.42162850,3685,15594.00000000,30.76005465,0
2020-07-14 11:30:00,0.00196950,0.00197530,0.00196400,0.00197030,22819.99000000,1594727999999,44.95610637,2218,8424.81000000,16.59814104,0
2020-07-14 12:00:00,0.00197050,0.00197610,0.00195630,0.00196080,44818.82000000,1594729799999,88.02190653,3430,22370.99000000,43.98267594,0
2020-07-14 12:30:00,0.00196090,0.00196950,0.00195910,0.00196190,24440.47000000,1594731599999,48.01540751,1866,10299.39000000,20.23905224,0
2020-07-14 13:00:00,0.00196150,0.00196570,0.00195190,0.00195590,22715.74000000,1594733399999,44.45184484,2299,10214.73000000,19.99122840,0
2020-07-14 13:30:00,0.00195590,0.00196730,0.00194620,0.00194870,38951.93000000,1594735199999,76.26797009,3227,18043.55000000,35.34656276,0
2020-07-14 14:00:00,0.00194910,0.00195980,0.00194740,0.00195930,12686.94000000,1594736999999,24.78593523,1197,4238.58000000,8.28479841,0
2020-07-14 14:30:00,0.00195920,0.00196840,0.00195490,0.00196700,25677.09000000,1594738799999,50.37304623,2529,10298.20000000,20.20785342,0
2020-07-14 15:00:00,0.00196720,0.00196870,0.00196000,0.00196470,14315.95000000,1594740599999,28.10444598,1801,5873.59000000,11.53243756,0
2020-07-14 15:30:00,0.00196490,0.00197200,0.00196450,0.00196650,27732.73000000,1594742399999,54.59611754,2193,9274.53000000,18.26024148,0
2020-07-14 16:00:00,0.00196610,0.00196990,0.00196000,0.00196290,17308.19000000,1594744199999,33.99426151,1826,8632.79000000,16.96003715,0
2020-07-14 16:30:00,0.00196300,0.00196870,0.00196140,0.00196790,18130.06000000,1594745999999,35.62534665,1132,10499.03000000,20.63050217,0
2020-07-14 17:00:00,0.00196790,0.00197200,0.00196130,0.00196240,54280.28000000,1594747799999,106.91275323,1696,7093.90000000,13.97183668,0
2020-07-14 17:30:00,0.00196240,0.00196970,0.00196120,0.00196570,14745.56000000,1594749599999,28.97866433,1353,7956.87000000,15.63575556,0
2020-07-14 18:00:00,0.00196520,0.00197680,0.00196490,0.00197570,18125.58000000,1594751399999,35.74992084,1387,5947.36000000,11.72826856,0
2020-07-14 18:30:00,0.00197590,0.00197770,0.00197250,0.00197490,8532.17000000,1594753199999,16.85519411,1135,4296.22000000,8.48742055,0
2020-07-14 19:00:00,0.00197500,0.00197520,0.00195900,0.00195990,24496.53000000,1594754999999,48.15331559,2051,14795.30000000,29.07468647,0
2020-07-14 19:30:00,0.00195990,0.00196800,0.00195720,0.00196750,22721.70000000,1594756799999,44.57551026,1438,16257.20000000,31.88996798,0
2020-07-14 20:00:00,0.00196710,0.00196970,0.00195990,0.00196130,12816.71000000,1594758599999,25.17100616,1245,5353.08000000,10.51334526,0
2020-07-14 20:30:00,0.00196120,0.00196160,0.00194040,0.00194730,52135.57000000,1594760399999,101.63149622,3244,23104.09000000,45.06456989,0
2020-07-14 21:00:00,0.00194700,0.00195000,0.00194040,0.00194760,12097.89000000,1594762199999,23.51717298,1232,6316.68000000,12.27960005,0
2020-07-14 21:30:00,0.00194750,0.00194790,0.00193760,0.00194320,16739.93000000,1594763999999,32.50231409,1425,4538.21000000,8.81758448,0
2020-07-14 22:00:00,0.00194310,0.00195510,0.00194310,0.00194740,13248.46000000,1594765799999,25.83047128,1382,6994.84000000,13.63919481,0
2020-07-14 22:30:00,0.00194750,0.00195430,0.00194480,0.00194810,17344.54000000,1594767599999,33.82834848,1174,12243.77000000,23.88235666,0
2020-07-14 23:00:00,0.00194830,0.00195800,0.00194690,0.00195770,26657.05000000,1594769399999,52.07862841,1159,17935.22000000,35.03714642,0
2020-07-14 23:30:00,0.00195800,0.00195890,0.00195230,0.00195340,15989.67000000,1594771199999,31.28722040,894,9304.85000000,18.20854105,0
2020-07-15 00:00:00,0.00195350,0.00195700,0.00194820,0.00195500,20146.19000000,1594772999999,39.33340188,1225,11424.66000000,22.30868257,0
2020-07-15 00:30:00,0.00195460,0.00195640,0.00194770,0.00195020,20204.27000000,1594774799999,39.40892303,1052,11018.96000000,21.49053753,0
2020-07-15 01:00:00,0.00195070,0.00195500,0.00194920,0.00195180,32179.48000000,1594776599999,62.85229358,1143,23228.55000000,45.37523487,0
2020-07-15 01:30:00,0.00195090,0.00195490,0.00194920,0.00195330,22259.63000000,1594778399999,43.45533461,906,13254.19000000,25.87808487,0
2020-07-15 02:00:00,0.00195330,0.00195500,0.00194960,0.00195150,12592.97000000,1594780199999,24.59735246,911,5403.90000000,10.55746465,0
2020-07-15 02:30:00,0.00195160,0.00195500,0.00194960,0.00195410,15623.63000000,1594781999999,30.51209409,915,6571.66000000,12.83453181,0
2020-07-15 03:00:00,0.00195420,0.00195900,0.00195140,0.00195670,19256.91000000,1594783799999,37.65424591,1381,9730.94000000,19.02949908,0
2020-07-15 03:30:00,0.00195670,0.00195700,0.00195110,0.00195190,45059.10000000,1594785599999,88.03813852,870,23981.77000000,46.85324808,0
2020-07-15 04:00:00,0.00195190,0.00195190,0.00194270,0.00194720,35993.46000000,1594787399999,70.06005353,1687,23666.89000000,46.06111380,0
2020-07-15 04:30:00,0.00194740,0.00195130,0.00194480,0.00194780,29655.34000000,1594789199999,57.73518095,1001,23806.97000000,46.35056205,0
2020-07-15 05:00:00,0.00194820,0.00195180,0.00194510,0.00194690,26278.06000000,1594790999999,51.21041679,1041,19865.42000000,38.71301528,0
2020-07-15 05:30:00,0.00194750,0.00195170,0.00194610,0.00195170,30641.82000000,1594792799999,59.70828268,947,23124.11000000,45.06020849,0
2020-07-15 06:00:00,0.00195170,0.00195180,0.00194750,0.00194860,27918.86000000,1594794599999,54.42824018,1216,20092.12000000,39.16903960,0
2020-07-15 06:30:00,0.00194870,0.00195120,0.00194500,0.00194670,24666.09000000,1594796399999,48.04360689,1245,18094.00000000,35.24253834,0
2020-07-15 07:00:00,0.00194670,0.00194720,0.00192520,0.00193410,35134.12000000,1594798199999,67.92502239,3230,14151.35000000,27.35537112,0
2020-07-15 07:30:00,0.00193450,0.00193630,0.00193020,0.00193250,10376.40000000,1594799999999,20.05312051,971,4806.59000000,9.29033571,0
2020-07-15 08:00:00,0.00193250,0.00193390,0.00190680,0.00192040,42735.82000000,1594801799999,82.09021122,3654,13697.58000000,26.33241314,0
2020-07-15 08:30:00,0.00192040,0.00192490,0.00191650,0.00191810,12054.11000000,1594803599999,23.15764088,1566,6587.21000000,12.65596827,0
2020-07-15 09:00:00,0.00191850,0.00191850,0.00189310,0.00190210,30193.15000000,1594805399999,57.51674067,3411,6910.13000000,13.15919869,0
2020-07-15 09:30:00,0.00190230,0.00191700,0.00189710,0.00190980,33558.72000000,1594807199999,64.01589529,2715,15923.79000000,30.37409465,0
2020-07-15 10:00:00,0.00190990,0.00192450,0.00190590,0.00192430,13926.77000000,1594808999999,26.70545868,1890,7415.56000000,14.22127694,0
2020-07-15 10:30:00,0.00192450,0.00192640,0.00191760,0.00192300,13766.28000000,1594810799999,26.45436491,1403,4636.93000000,8.91245853,0
2020-07-15 11:00:00,0.00192370,0.00192610,0.00191800,0.00192420,12730.72000000,1594812599999,24.46691828,1457,5715.65000000,10.98876380,0
2020-07-15 11:30:00,0.00192420,0.00192470,0.00191400,0.00191600,10569.10000000,1594814399999,20.28866488,1155,4937.63000000,9.47550668,0
2020-07-15 12:00:00,0.00191600,0.00193110,0.00191430,0.00193040,18973.72000000,1594816199999,36.53641923,1419,10575.03000000,20.35763418,0
2020-07-15 12:30:00,0.00193060,0.00193400,0.00192660,0.00193300,15625.03000000,1594817999999,30.17481279,1715,7397.72000000,14.28639453,0
2020-07-15 13:00:00,0.00193300,0.00193830,0.00193050,0.00193760,13782.11000000,1594819799999,26.66704393,1689,10826.02000000,20.94810510,0
2020-07-15 13:30:00,0.00193770,0.00194100,0.00193010,0.00193230,17162.74000000,1594821599999,33.22095244,1711,6296.28000000,12.19709201,0
2020-07-15 14:00:00,0.00193250,0.00193310,0.00192280,0.00192990,19956.95000000,1594823399999,38.47146643,2228,9124.60000000,17.59623034,0
2020-07-15 14:30:00,0.00192990,0.00193850,0.00192890,0.00192890,17567.97000000,1594825199999,33.98379502,1666,13122.45000000,25.38823362,0
2020-07-15 15:00:00,0.00192890,0.00193130,0.00191750,0.00192010,16947.75000000,1594826999999,32.58427484,2430,6165.02000000,11.85615308,0
2020-07-15 15:30:00,0.00192010,0.00192390,0.00191030,0.00191590,17064.68000000,1594828799999,32.70818301,1950,5938.37000000,11.38799690,0
2020-07-15 16:00:00,0.00191560,0.00192300,0.00190800,0.00191370,17544.70000000,1594830599999,33.60127944,1923,8611.58000000,16.49754559,0
2020-07-15 16:30:00,0.00191360,0.00191960,0.00190440,0.00191360,19343.34000000,1594832399999,36.99673582,1576,11153.01000000,21.34182013,0
2020-07-15 17:00:00,0.00191360,0.00192310,0.00191300,0.00192030,13646.75000000,1594834199999,26.19574290,1241,8895.51000000,17.07692107,0
2020-07-15 17:30:00,0.00192100,0.00192150,0.00191230,0.00191370,9964.19000000,1594835999999,19.09431009,1072,5355.62000000,10.26323561,0
2020-07-15 18:00:00,0.00191370,0.00192020,0.00190450,0.00191410,25482.29000000,1594837799999,48.72417903,1629,7582.37000000,14.50449906,0
2020-07-15 18:30:00,0.00191410,0.00191610,0.00190970,0.00191330,8263.50000000,1594839599999,15.81325967,1029,3947.44000000,7.55581102,0
2020-07-15 19:00:00,0.00191350,0.00192060,0.00191110,0.00191860,8686.47000000,1594841399999,16.63775757,1212,5456.86000000,10.45389583,0
2020-07-15 19:30:00,0.00191970,0.00192010,0.00190180,0.00190370,13394.52000000,1594843199999,25.54821519,1717,4014.71000000,7.65492160,0
2020-07-15 20:00:00,0.00190380,0.00191020,0.00190110,0.00190370,23661.01000000,1594844999999,45.08473586,1611,11967.91000000,22.81116996,0
2020-07-15 20:30:00,0.00190380,0.00190690,0.00190000,0.00190020,11267.82000000,1594846799999,21.43988420,1030,3864.51000000,7.35886589,0
2020-07-15 21:00:00,0.00190020,0.00190340,0.00189390,0.00189650,17771.98000000,1594848599999,33.72992301,1598,7951.25000000,15.08934521,0
2020-07-15 21:30:00,0.00189650,0.00190480,0.00189350,0.00190050,23745.82000000,1594850399999,45.10885620,1410,13004.89000000,24.70111489,0
2020-07-15 22:00:00,0.00190050,0.00190660,0.00189850,0.00190000,9356.97000000,1594852199999,17.79743960,1026,5398.23000000,10.26860094,0
2020-07-15 22:30:00,0.00190010,0.00190600,0.00189790,0.00190560,10860.43000000,1594853999999,20.64055558,1033,4789.18000000,9.10409040,0
2020-07-15 23:00:00,0.00190480,0.00191020,0.00189770,0.00190190,45454.72000000,1594855799999,86.51218947,1518,12770.06000000,24.31074019,0
2020-07-15 23:30:00,0.00190200,0.00191740,0.00190200,0.00191730,21331.95000000,1594857599999,40.77036365,1613,11054.47000000,21.12795954,0
2020-07-16 00:00:00,0.00191730,0.00191760,0.00190040,0.00190230,20436.79000000,1594859399999,38.97843849,1930,9343.51000000,17.82985334,0
2020-07-16 00:30:00,0.00190150,0.00191470,0.00190030,0.00191020,28371.54000000,1594861199999,54.04563396,1404,21291.70000000,40.55602885,0
2020-07-16 01:00:00,0.00191030,0.00192500,0.00190700,0.00192380,32176.61000000,1594862999999,61.60943780,2192,22953.69000000,43.95677317,0
2020-07-16 01:30:00,0.00192390,0.00192400,0.00191640,0.00191940,24993.92000000,1594864799999,48.00852089,1344,15308.95000000,29.41069814,0
2020-07-16 02:00:00,0.00191960,0.00191970,0.00190920,0.00190920,14694.74000000,1594866599999,28.12288216,1201,7752.66000000,14.84282176,0
2020-07-16 02:30:00,0.00190940,0.00191170,0.00190690,0.00190990,29726.52000000,1594868399999,56.76076102,927,27078.72000000,51.70635548,0
2020-07-16 03:00:00,0.00190990,0.00191110,0.00190220,0.00190400,21726.30000000,1594870199999,41.48844225,797,19092.79000000,36.46641085,0
2020-07-16 03:30:00,0.00190450,0.00190780,0.00190240,0.00190390,29763.87000000,1594871999999,56.72356190,834,26376.57000000,50.26980829,0
2020-07-16 04:00:00,0.00190390,0.00190930,0.00190040,0.00190930,37188.95000000,1594873799999,70.77767743,2255,19421.29000000,36.96009612,0
2020-07-16 04:30:00,0.00190930,0.00191030,0.00189890,0.00190160,22506.50000000,1594875599999,42.82708229,1113,11551.82000000,21.99411392,0
2020-07-16 05:00:00,0.00190160,0.00190390,0.00189890,0.00190300,10993.18000000,1594877399999,20.90126861,832,8018.28000000,15.24520810,0
2020-07-16 05:30:00,0.00190300,0.00190740,0.00189970,0.00190220,18780.31000000,1594879199999,35.75409660,1145,12961.45000000,24.67725644,0
2020-07-16 06:00:00,0.00190250,0.00190700,0.00190010,0.00190630,11769.67000000,1594880999999,22.41280162,950,6055.44000000,11.53123484,0
2020-07-16 06:30:00,0.00190680,0.00190780,0.00184440,0.00187200,99538.46000000,1594882799999,186.47478769,8739,33056.51000000,62.02148306,0
2020-07-16 07:00:00,0.00187200,0.00187250,0.00182380,0.00184320,76710.79000000,1594884599999,141.57318701,7399,25355.90000000,46.79768853,0
2020-07-16 07:30:00,0.00184310,0.00184930,0.00183400,0.00184190,27338.01000000,1594886399999,50.34124119,2921,9175.36000000,16.89812704,0
2020-07-16 08:00:00,0.00184200,0.00185240,0.00183980,0.00184970,20829.60000000,1594888199999,38.48081918,2001,12486.52000000,23.07309817,0
2020-07-16 08:30:00,0.00185000,0.00185080,0.00183840,0.00184370,16218.41000000,1594889999999,29.91001738,1900,5575.34000000,10.28841705,0
2020-07-16 09:00:00,0.00184370,0.00184470,0.00183530,0.00183900,17592.01000000,1594891799999,32.35783204,1994,8164.28000000,15.02032430,0
2020-07-16 09:30:00,0.00183890,0.00184330,0.00183500,0.00183570,23940.94000000,1594893599999,44.03389614,1772,8486.99000000,15.61391738,0
2020-07-16 10:00:00,0.00183580,0.00184160,0.00182880,0.00183660,29520.72000000,1594895399999,54.13769157,2768,13522.26000000,24.80386344,0
2020-07-16 10:30:00,0.00183670,0.00185500,0.00183610,0.00185360,26750.57000000,1594897199999,49.38119803,2071,7744.00000000,14.29535841,0
2020-07-16 11:00:00,0.00185360,0.00185640,0.00184420,0.00185620,8564.75000000,1594898999999,15.85784209,1454,4425.83000000,8.19516825,0
2020-07-16 11:30:00,0.00185610,0.00185870,0.00185000,0.00185070,9646.31000000,1594900799999,17.88625138,1333,4388.75000000,8.14088620,0
2020-07-16 12:00:00,0.00185040,0.00185880,0.00184730,0.00185650,11726.59000000,1594902599999,21.74853250,1364,5398.61000000,10.01463529,0
2020-07-16 12:30:00,0.00185650,0.00185870,0.00185220,0.00185300,5649.95000000,1594904399999,10.48635428,1048,2819.61000000,5.23436467,0
2020-07-16 13:00:00,0.00185310,0.00185990,0.00185220,0.00185840,9333.16000000,1594906199999,17.34017998,1301,5763.50000000,10.70750127,0
2020-07-16 13:30:00,0.00185850,0.00185970,0.00184590,0.00185700,13103.73000000,1594907999999,24.28322546,1444,5238.51000000,9.70456983,0
2020-07-16 14:00:00,0.00185680,0.00185710,0.00184540,0.00184850,6024.52000000,1594909799999,11.14454065,1066,2645.31000000,4.89681034,0
2020-07-16 14:30:00,0.00184770,0.00185990,0.00184730,0.00185990,8708.29000000,1594911599999,16.16145362,1192,5330.64000000,9.89537146,0
2020-07-16 15:00:00,0.00185990,0.00187000,0.00185590,0.00186950,22564.97000000,1594913399999,42.07199783,2314,17362.28000000,32.38108296,0
2020-07-16 15:30:00,0.00186970,0.00187630,0.00186460,0.00186610,19690.86000000,1594915199999,36.85303275,1885,11161.16000000,20.89137284,0
2020-07-16 16:00:00,0.00186600,0.00187300,0.00186130,0.00186440,14418.31000000,1594916999999,26.92909814,1594,6011.72000000,11.22836482,0
2020-07-16 16:30:00,0.00186480,0.00187070,0.00186360,0.00186740,6532.80000000,1594918799999,12.19909483,969,3470.69000000,6.47939848,0
2020-07-16 17:00:00,0.00186770,0.00186920,0.00186440,0.00186770,15871.54000000,1594920599999,29.63978774,1339,10755.72000000,20.08931759,0
2020-07-16 17:30:00,0.00186820,0.00186920,0.00186520,0.00186780,13154.27000000,1594922399999,24.56682750,1523,7482.82000000,13.97938009,0
2020-07-16 18:00:00,0.00186780,0.00187250,0.00186620,0.00187250,10796.99000000,1594924199999,20.17610865,1162,6333.38000000,11.83606125,0
2020-07-16 18:30:00,0.00187250,0.00187250,0.00186500,0.00186720,12790.58000000,1594925999999,23.88898360,1156,7992.61000000,14.92791328,0
2020-07-16 19:00:00,0.00186720,0.00186980,0.00186360,0.00186730,9816.81000000,1594927799999,18.32413176,1110,5537.66000000,10.33887152,0
2020-07-16 19:30:00,0.00186730,0.00186740,0.00185000,0.00185220,18844.24000000,1594929599999,34.99543527,1976,6649.34000000,12.34858398,0
2020-07-16 20:00:00,0.00185290,0.00186150,0.00184600,0.00184600,12828.59000000,1594931399999,23.77746523,1758,5460.82000000,10.12764529,0
2020-07-16 20:30:00,0.00184680,0.00186200,0.00184610,0.00185950,9877.04000000,1594933199999,18.32359058,1220,5866.86000000,10.88747485,0
2020-07-16 21:00:00,0.00185960,0.00186870,0.00185900,0.00186760,12420.66000000,1594934999999,23.14135403,1053,9884.69000000,18.41708154,0
2020-07-16 21:30:00,0.00186760,0.00187520,0.00186700,0.00187370,11609.14000000,1594936799999,21.72853127,1442,8083.74000000,15.13372239,0
2020-07-16 22:00:00,0.00187370,0.00188130,0.00187090,0.00187530,18666.70000000,1594938599999,35.02518414,1276,12610.82000000,23.66676820,0
2020-07-16 22:30:00,0.00187570,0.00188160,0.00187540,0.00187870,7604.08000000,1594940399999,14.28702070,882,4388.89000000,8.24751705,0
2020-07-16 23:00:00,0.00187870,0.00188160,0.00187300,0.00187480,9795.00000000,1594942199999,18.38692425,1178,4200.82000000,7.88916285,0
2020-07-16 23:30:00,0.00187460,0.00187970,0.00187200,0.00187920,17181.42000000,1594943999999,32.23795667,1235,4012.58000000,7.53241256,0
2020-07-17 00:00:00,0.00187920,0.00188100,0.00185810,0.00186740,19652.65000000,1594945799999,36.74920026,2230,7171.84000000,13.40331267,0
2020-07-17 00:30:00,0.00186740,0.00187200,0.00186510,0.00187020,10554.05000000,1594947599999,19.72807634,1052,6196.29000000,11.58282963,0
2020-07-17 01:00:00,0.00187040,0.00187690,0.00186670,0.00187470,17573.92000000,1594949399999,32.88368148,1525,10351.49000000,19.37225499,0
2020-07-17 01:30:00,0.00187540,0.00188190,0.00187540,0.00187820,23804.44000000,1594951199999,44.74456296,1117,16395.67000000,30.82028024,0
2020-07-17 02:00:00,0.00187810,0.00188590,0.00187530,0.00187980,27804.94000000,1594952999999,52.28852374,1447,19614.36000000,36.89830580,0
2020-07-17 02:30:00,0.00188000,0.00188880,0.00187950,0.00188360,13475.92000000,1594954799999,25.41006370,1207,7743.11000000,14.59978561,0
2020-07-17 03:00:00,0.00188370,0.00188770,0.00188000,0.00188110,20542.34000000,1594956599999,38.71677033,1025,11491.44000000,21.65924869,0
2020-07-17 03:30:00,0.00188230,0.00188590,0.00187500,0.00187990,15934.19000000,1594958399999,29.96588306,1070,7879.61000000,14.81947801,0
2020-07-17 04:00:00,0.00187980,0.00190770,0.00187860,0.00190680,45354.50000000,1594960199999,85.97562569,3562,26567.52000000,50.35987580,0
2020-07-17 04:30:00,0.00190650,0.00190960,0.00189300,0.00190360,32059.15000000,1594961999999,60.97456971,2157,13596.64000000,25.86167944,0
2020-07-17 05:00:00,0.00190260,0.00190730,0.00189500,0.00190100,24187.25000000,1594963799999,46.00278632,1280,15327.15000000,29.15937753,0
2020-07-17 05:30:00,0.00190090,0.00190270,0.00189470,0.00189950,35276.56000000,1594965599999,67.00489915,1217,17952.82000000,34.09503021,0
2020-07-17 06:00:00,0.00189880,0.00191110,0.00189880,0.00190670,24795.74000000,1594967399999,47.25743466,1591,17844.94000000,34.00950274,0
2020-07-17 06:30:00,0.00190650,0.00190770,0.00189050,0.00190300,24704.10000000,1594969199999,46.91803542,1606,13554.00000000,25.75330385,0
2020-07-17 07:00:00,0.00190290,0.00191500,0.00190230,0.00191230,23651.40000000,1594970999999,45.18528231,1847,13804.89000000,26.36887634,0
2020-07-17 07:30:00,0.00191230,0.00191800,0.00190840,0.00191340,28497.16000000,1594972799999,54.54610916,1875,18274.53000000,34.99072220,0
2020-07-17 08:00:00,0.00191110,0.00191630,0.00190140,0.00190410,28808.85000000,1594974599999,55.06658742,1728,16083.50000000,30.77046957,0
2020-07-17 08:30:00,0.00190410,0.00190940,0.00190060,0.00190480,11993.97000000,1594976399999,22.85472347,1354,6044.01000000,11.51677634,0
2020-07-17 09:00:00,0.00190480,0.00191030,0.00190250,0.00190370,16219.48000000,1594978199999,30.92425554,1584,5472.79000000,10.43622234,0
2020-07-17 09:30:00,0.00190350,0.00190850,0.00190280,0.00190470,9697.36000000,1594979999999,18.47909526,1268,5344.48000000,10.18299727,0
2020-07-17 10:00:00,0.00190450,0.00191200,0.00190270,0.00190970,8047.79000000,1594981799999,15.36144100,1201,5436.37000000,10.37903412,0
2020-07-17 10:30:00,0.00191000,0.00191490,0.00190410,0.00190900,15598.41000000,1594983599999,29.79959304,1239,4675.94000000,8.93872166,0
2020-07-17 11:00:00,0.00190950,0.00191410,0.00190230,0.00190420,7891.41000000,1594985399999,15.04640004,1144,2876.20000000,5.48539873,0
2020-07-17 11:30:00,0.00190390,0.00190510,0.00189600,0.00190350,9387.34000000,1594987199999,17.83828428,1792,3885.26000000,7.38406780,0
2020-07-17 12:00:00,0.00190330,0.00190490,0.00189010,0.00189370,14200.89000000,1594988999999,26.93244694,2095,5176.37000000,9.82051177,0
2020-07-17 12:30:00,0.00189360,0.00189710,0.00189110,0.00189250,11510.93000000,1594990799999,21.79719667,1408,6741.24000000,12.76775306,0
2020-07-17 13:00:00,0.00189190,0.00189690,0.00188800,0.00189200,12873.94000000,1594992599999,24.35519550,1397,6611.99000000,12.50777329,0
2020-07-17 13:30:00,0.00189190,0.00189660,0.00188800,0.00189020,13051.07000000,1594994399999,24.70041384,1391,4795.13000000,9.07075638,0
2020-07-17 14:00:00,0.00189030,0.00189490,0.00188790,0.00189100,12054.44000000,1594996199999,22.79324755,1509,5016.75000000,9.48614907,0
2020-07-17 14:30:00,0.00189090,0.00189260,0.00188500,0.00188920,22651.05000000,1594997999999,42.76098069,1567,7226.32000000,13.64011374,0
2020-07-17 15:00:00,0.00188920,0.00190240,0.00188770,0.00189990,19768.27000000,1594999799999,37.43065754,1736,8030.37000000,15.21320922,0
2020-07-17 15:30:00,0.00189990,0.00190950,0.00189670,0.00190210,21811.94000000,1595001599999,41.48258948,1840,9793.20000000,18.63589472,0
2020-07-17 16:00:00,0.00190210,0.00190250,0.00189630,0.00189820,9796.58000000,1595003399999,18.59935480,1411,4078.86000000,7.74443212,0
2020-07-17 16:30:00,0.00189810,0.00190000,0.00189110,0.00189820,14724.21000000,1595005199999,27.89685891,1390,7060.45000000,13.37518946,0
2020-07-17 17:00:00,0.00189830,0.00190140,0.00189000,0.00189030,11118.15000000,1595006999999,21.08680778,1420,3483.11000000,6.60256219,0
2020-07-17 17:30:00,0.00189000,0.00189650,0.00188820,0.00188820,10031.70000000,1595008799999,18.97550894,1062,2819.49000000,5.33701143,0
2020-07-17 18:00:00,0.00188820,0.00189020,0.00187560,0.00187690,15666.77000000,1595010599999,29.49616747,2483,6040.71000000,11.37985780,0
2020-07-17 18:30:00,0.00187710,0.00188550,0.00186590,0.00188090,27515.80000000,1595012399999,51.58044771,2797,11793.80000000,22.12736373,0
2020-07-17 19:00:00,0.00188070,0.00188160,0.00187160,0.00187980,10537.25000000,1595014199999,19.76353994,1353,4551.82000000,8.53957473,0
2020-07-17 19:30:00,0.00188030,0.00188520,0.00187510,0.00187870,8799.96000000,1595015999999,16.53490572,1190,2931.62000000,5.51162189,0
2020-07-17 20:00:00,0.00187900,0.00188260,0.00187400,0.00187540,7965.17000000,1595017799999,14.96913619,1102,3880.12000000,7.29491769,0
2020-07-17 20:30:00,0.00187540,0.00187550,0.00186910,0.00187090,9634.18000000,1595019599999,18.03104006,1271,2952.14000000,5.52665628,0
2020-07-17 21:00:00,0.00187090,0.00187170,0.00186660,0.00187140,9227.17000000,1595021399999,17.24850262,1318,3964.59000000,7.41008004,0
2020-07-17 21:30:00,0.00187160,0.00187400,0.00186470,0.00186580,7700.11000000,1595023199999,14.37763214,1290,2570.87000000,4.80318905,0
2020-07-17 22:00:00,0.00186580,0.00187100,0.00186130,0.00186370,18283.51000000,1595024999999,34.12658540,1735,7910.42000000,14.76768718,0
2020-07-17 22:30:00,0.00186420,0.00186590,0.00185900,0.00186110,9438.45000000,1595026799999,17.57925282,1302,3697.95000000,6.88738064,0
2020-07-17 23:00:00,0.00186120,0.00186640,0.00185750,0.00186420,13592.25000000,1595028599999,25.30984427,1632,5639.41000000,10.50169979,0
2020-07-17 23:30:00,0.00186420,0.00186950,0.00186310,0.00186460,5962.95000000,1595030399999,11.12141934,1081,2930.53000000,5.46680030,0
2020-07-18 00:00:00,0.00186380,0.00186680,0.00186040,0.00186410,13954.92000000,1595032199999,26.00284694,1284,8599.88000000,16.02494168,0
2020-07-18 00:30:00,0.00186420,0.00186570,0.00185610,0.00186190,17326.69000000,1595033999999,32.25091109,1512,8375.75000000,15.59187664,0
2020-07-18 01:00:00,0.00186240,0.00187170,0.00185980,0.00187150,27107.16000000,1595035799999,50.54985989,1612,18534.51000000,34.57420356,0
2020-07-18 01:30:00,0.00187150,0.00187750,0.00186540,0.00186700,25648.90000000,1595037599999,47.96441611,1486,18514.45000000,34.61999784,0
2020-07-18 02:00:00,0.00186700,0.00186820,0.00186170,0.00186340,16587.97000000,1595039399999,30.93762435,1411,9270.69000000,17.29315292,0
2020-07-18 02:30:00,0.00186340,0.00186780,0.00186140,0.00186450,20375.08000000,1595041199999,37.97451241,1119,13745.36000000,25.61660515,0
2020-07-18 03:00:00,0.00186470,0.00187100,0.00186140,0.00186580,31142.65000000,1595042999999,58.10896301,942,23746.97000000,44.31336623,0
2020-07-18 03:30:00,0.00186580,0.00186770,0.00186260,0.00186630,14705.36000000,1595044799999,27.41297301,888,10684.38000000,19.91748902,0
2020-07-18 04:00:00,0.00186680,0.00187300,0.00186360,0.00187040,24839.73000000,1595046599999,46.45564248,1318,20253.25000000,37.88063791,0
2020-07-18 04:30:00,0.00187030,0.00187250,0.00186830,0.00187130,23753.05000000,1595048399999,44.42328999,1014,19345.31000000,36.17978831,0
2020-07-18 05:00:00,0.00187110,0.00187300,0.00186990,0.00187240,17368.41000000,1595050199999,32.51597574,759,15676.45000000,29.34870114,0
2020-07-18 05:30:00,0.00187250,0.00187290,0.00185900,0.00186630,32785.99000000,1595051999999,61.10855300,1365,16296.77000000,30.35857296,0
2020-07-18 06:00:00,0.00186720,0.00187170,0.00186150,0.00186370,22340.49000000,1595053799999,41.71439996,1317,11507.25000000,21.49471894,0
2020-07-18 06:30:00,0.00186370,0.00186700,0.00186220,0.00186600,8729.56000000,1595055599999,16.28152377,832,5575.02000000,10.39886951,0
2020-07-18 07:00:00,0.00186600,0.00186670,0.00186240,0.00186470,8410.96000000,1595057399999,15.68342227,781,4908.61000000,9.15379484,0
2020-07-18 07:30:00,0.00186460,0.00186490,0.00185670,0.00185850,22804.95000000,1595059199999,42.50566705,1084,17019.31000000,31.73012336,0
2020-07-18 08:00:00,0.00185840,0.00185840,0.00184350,0.00185140,26118.16000000,1595060999999,48.31273583,3076,9317.56000000,17.23528022,0
2020-07-18 08:30:00,0.00185130,0.00185420,0.00184560,0.00185270,12565.26000000,1595062799999,23.24491475,1517,6480.10000000,11.99044445,0
2020-07-18 09:00:00,0.00185270,0.00186510,0.00185060,0.00186140,18744.96000000,1595064599999,34.83518230,1962,8266.79000000,15.36223782,0
2020-07-18 09:30:00,0.00186140,0.00186480,0.00185940,0.00186330,6367.58000000,1595066399999,11.85647642,985,3612.71000000,6.72679271,0
2020-07-18 10:00:00,0.00186380,0.00187040,0.00186300,0.00186910,11313.86000000,1595068199999,21.12034548,1528,6620.02000000,12.36251798,0
2020-07-18 10:30:00,0.00186920,0.00186950,0.00186340,0.00186550,6741.04000000,1595069999999,12.57626457,924,2610.40000000,4.87008759,0
2020-07-18 11:00:00,0.00186530,0.00187300,0.00186480,0.00187240,16328.14000000,1595071799999,30.52002043,1112,11683.06000000,21.84259821,0
2020-07-18 11:30:00,0.00187240,0.00187320,0.00186140,0.00186410,8536.80000000,1595073599999,15.94120996,1099,2963.26000000,5.53570327,0
2020-07-18 12:00:00,0.00186370,0.00186730,0.00186000,0.00186730,5677.72000000,1595075399999,10.57974095,846,2651.84000000,4.94396531,0
2020-07-18 12:30:00,0.00186730,0.00186980,0.00186340,0.00186450,7285.21000000,1595077199999,13.60153577,867,3385.85000000,6.32215021,0
2020-07-18 13:00:00,0.00186450,0.00186720,0.00186010,0.00186020,7335.30000000,1595078999999,13.67461468,895,2806.03000000,5.23257919,0
2020-07-18 13:30:00,0.00186120,0.00186600,0.00185350,0.00185710,17446.99000000,1595080799999,32.43050789,1523,8444.23000000,15.69742622,0
2020-07-18 14:00:00,0.00185730,0.00186080,0.00185400,0.00185890,6655.27000000,1595082599999,12.36292799,1005,2322.49000000,4.31514038,0
2020-07-18 14:30:00,0.00185900,0.00186190,0.00185410,0.00186190,6410.23000000,1595084399999,11.90655789,903,3923.44000000,7.28682001,0
2020-07-18 15:00:00,0.00186160,0.00186420,0.00185970,0.00186080,5870.39000000,1595086199999,10.93176945,1121,3346.77000000,6.23278180,0
2020-07-18 15:30:00,0.00186040,0.00186530,0.00185830,0.00186320,10303.96000000,1595087999999,19.18233593,1022,6015.07000000,11.19979987,0
2020-07-18 16:00:00,0.00186370,0.00187110,0.00186300,0.00187090,14111.84000000,1595089799999,26.33547327,1284,6351.72000000,11.85802057,0
2020-07-18 16:30:00,0.00187120,0.00187430,0.00186880,0.00187120,12251.67000000,1595091599999,22.93128785,1200,6709.17000000,12.55816668,0
2020-07-18 17:00:00,0.00187130,0.00187500,0.00186830,0.00187470,7809.73000000,1595093399999,14.61616826,1035,3815.28000000,7.14147244,0
2020-07-18 17:30:00,0.00187420,0.00187740,0.00187340,0.00187430,10973.31000000,1595095199999,20.57852247,1021,4161.08000000,7.80536075,0
2020-07-18 18:00:00,0.00187430,0.00187530,0.00187190,0.00187220,4943.93000000,1595096999999,9.26178096,803,2579.85000000,4.83392508,0
2020-07-18 18:30:00,0.00187220,0.00188460,0.00187180,0.00188290,12338.47000000,1595098799999,23.18524862,1631,7553.82000000,14.19928549,0
2020-07-18 19:00:00,0.00188320,0.00188410,0.00187500,0.00187580,7206.99000000,1595100599999,13.54005646,936,4083.41000000,7.66837369,0
2020-07-18 19:30:00,0.00187590,0.00188100,0.00187200,0.00187510,16582.40000000,1595102399999,31.11709499,1303,8203.02000000,15.39367445,0
2020-07-18 20:00:00,0.00187480,0.00187920,0.00187320,0.00187820,10367.70000000,1595104199999,19.46408881,753,6746.30000000,12.66499486,0
2020-07-18 20:30:00,0.00187830,0.00187950,0.00187310,0.00187540,19848.78000000,1595105999999,37.24992595,822,10017.67000000,18.80056517,0
2020-07-18 21:00:00,0.00187560,0.00188500,0.00187000,0.00187910,26350.26000000,1595107799999,49.47176672,1904,14276.11000000,26.81366508,0
2020-07-18 21:30:00,0.00187910,0.00188000,0.00187350,0.00187370,13459.72000000,1595109599999,25.25636637,983,9328.04000000,17.50576270,0
2020-07-18 22:00:00,0.00187390,0.00187660,0.00186590,0.00186880,24608.77000000,1595111399999,46.05418443,1591,13789.49000000,25.81664475,0
2020-07-18 22:30:00,0.00186930,0.00187150,0.00186700,0.00187010,35396.17000000,1595113199999,66.15776261,792,9184.08000000,17.16849763,0
2020-07-18 23:00:00,0.00187010,0.00187260,0.00186650,0.00187070,19851.97000000,1595114999999,37.12959695,829,8661.47000000,16.19783262,0
2020-07-18 23:30:00,0.00187080,0.00187270,0.00186700,0.00186990,19385.45000000,1595116799999,36.24781395,1059,14931.93000000,27.92132090,0
2020-07-19 00:00:00,0.00187000,0.00187210,0.00186550,0.00186910,22848.53000000,1595118599999,42.69061936,1223,15104.38000000,28.22502606,0
2020-07-19 00:30:00,0.00186910,0.00187020,0.00186360,0.00186470,16268.89000000,1595120399999,30.35645434,901,9791.17000000,18.27003954,0
2020-07-19 01:00:00,0.00186490,0.00186620,0.00186050,0.00186230,18928.50000000,1595122199999,35.27327314,853,12031.22000000,22.42080537,0
2020-07-19 01:30:00,0.00186220,0.00186640,0.00185860,0.00186150,25177.96000000,1595123999999,46.86607065,1037,20015.76000000,37.25480204,0
2020-07-19 02:00:00,0.00186160,0.00186280,0.00185750,0.00185760,12362.39000000,1595125799999,22.99303514,1124,7275.12000000,13.53301708,0
2020-07-19 02:30:00,0.00185770,0.00186180,0.00185450,0.00185880,24458.64000000,1595127599999,45.45445428,1501,18292.12000000,33.99892767,0
2020-07-19 03:00:00,0.00185870,0.00185870,0.00185100,0.00185200,9544.49000000,1595129399999,17.69487923,1391,5446.12000000,10.09697005,0
2020-07-19 03:30:00,0.00185270,0.00185480,0.00184940,0.00185280,30061.79000000,1595131199999,55.68780218,1204,21153.92000000,39.19806819,0
2020-07-19 04:00:00,0.00185210,0.00185250,0.00184500,0.00184780,24387.07000000,1595132999999,45.06996194,1776,11357.76000000,20.99519192,0
2020-07-19 04:30:00,0.00184840,0.00185060,0.00184550,0.00184900,20344.20000000,1595134799999,37.59625588,1082,12096.06000000,22.35537996,0
2020-07-19 05:00:00,0.00184880,0.00188770,0.00184850,0.00188770,50940.68000000,1595136599999,95.19914858,3802,31465.34000000,58.82507668,0
2020-07-19 05:30:00,0.00188740,0.00192100,0.00188640,0.00191740,110956.97000000,1595138399999,210.93248724,6668,64636.81000000,122.91829433,0
2020-07-19 06:00:00,0.00191950,0.00194850,0.00191680,0.00193890,105153.69000000,1595140199999,203.67292361,6781,58851.34000000,113.92430998,0
2020-07-19 06:30:00,0.00193970,0.00195000,0.00192830,0.00194960,35185.38000000,1595141999999,68.21811357,2947,26089.47000000,50.60317194,0
2020-07-19 07:00:00,0.00195000,0.00196620,0.00194770,0.00194940,55487.40000000,1595143799999,108.51180956,4240,32984.13000000,64.52932030,0
2020-07-19 07:30:00,0.00194920,0.00196020,0.00193880,0.00194040,33559.20000000,1595145599999,65.41746268,2626,17400.11000000,33.93680801,0
2020-07-19 08:00:00,0.00194030,0.00194990,0.00193290,0.00194060,28513.84000000,1595147399999,55.36629679,2384,15067.81000000,29.27741268,0
2020-07-19 08:30:00,0.00194030,0.00194670,0.00193000,0.00194640,27010.93000000,1595149199999,52.30369267,2099,16694.50000000,32.33778568,0
2020-07-19 09:00:00,0.00194660,0.00195250,0.00194030,0.00194590,30677.42000000,1595150999999,59.75572825,1897,17168.60000000,33.42919657,0
2020-07-19 09:30:00,0.00194590,0.00195000,0.00194100,0.00194480,16921.55000000,1595152799999,32.90622774,1340,9347.86000000,18.18142259,0
2020-07-19 10:00:00,0.00194600,0.00197890,0.00194550,0.00195430,69887.21000000,1595154599999,137.31953657,5426,41301.17000000,81.13635762,0
2020-07-19 10:30:00,0.00195440,0.00197390,0.00195300,0.00196430,19039.27000000,1595156399999,37.41312844,2081,12218.36000000,24.01902553,0
2020-07-19 11:00:00,0.00196460,0.00196510,0.00195570,0.00195900,16930.75000000,1595158199999,33.18210198,1486,7596.09000000,14.88862189,0
2020-07-19 11:30:00,0.00195900,0.00196660,0.00195670,0.00195740,15709.30000000,1595159999999,30.82262837,1205,9424.11000000,18.49095260,0
2020-07-19 12:00:00,0.00195740,0.00196500,0.00194770,0.00196090,41041.56000000,1595161799999,80.37050479,2744,13891.45000000,27.18576308,0
2020-07-19 12:30:00,0.00196090,0.00196590,0.00195830,0.00196110,24377.80000000,1595163599999,47.84422411,1275,15538.50000000,30.49422738,0
2020-07-19 13:00:00,0.00196110,0.00196470,0.00195270,0.00195280,21649.47000000,1595165399999,42.39680864,1584,9212.36000000,18.05351369,0
2020-07-19 13:30:00,0.00195270,0.00195920,0.00195140,0.00195230,19731.70000000,1595167199999,38.57435055,1495,9842.23000000,19.24536293,0
2020-07-19 14:00:00,0.00195270,0.00195340,0.00193860,0.00194110,30418.01000000,1595168999999,59.12396380,2599,12419.21000000,24.12007856,0
2020-07-19 14:30:00,0.00194200,0.00195060,0.00194080,0.00194350,18862.15000000,1595170799999,36.72794455,1371,9424.60000000,18.35252111,0
2020-07-19 15:00:00,0.00194350,0.00194710,0.00193930,0.00194590,9625.58000000,1595172599999,18.70776560,1025,3591.89000000,6.98154001,0
2020-07-19 15:30:00,0.00194590,0.00194680,0.00192970,0.00193020,30652.10000000,1595174399999,59.43856319,2898,12316.03000000,23.89010014,0
2020-07-19 16:00:00,0.00193020,0.00194450,0.00192550,0.00194430,24476.82000000,1595176199999,47.37270256,2635,13792.54000000,26.70675518,0
2020-07-19 16:30:00,0.00194450,0.00194960,0.00193720,0.00194150,26676.05000000,1595177999999,51.83177405,1875,11664.87000000,22.66611584,0
2020-07-19 17:00:00,0.00194150,0.00196100,0.00194010,0.00195180,36725.72000000,1595179799999,71.70833110,2599,19249.07000000,37.59671832,0
2020-07-19 17:30:00,0.00195190,0.00196040,0.00194780,0.00194780,20490.03000000,1595181599999,40.05672959,1537,13329.66000000,26.06642511,0
2020-07-19 18:00:00,0.00194790,0.00195590,0.00194620,0.00195430,8791.01000000,1595183399999,17.15118022,1299,4963.88000000,9.68669098,0
2020-07-19 18:30:00,0.00195440,0.00195600,0.00195050,0.00195310,7079.45000000,1595185199999,13.83456920,902,2252.75000000,4.40213974,0
2020-07-19 19:00:00,0.00195310,0.00195500,0.00194580,0.00194700,15914.43000000,1595186999999,31.01186244,1386,7238.41000000,14.10531966,0
2020-07-19 19:30:00,0.00194700,0.00194830,0.00194000,0.00194610,15164.08000000,1595188799999,29.48905498,1558,5900.96000000,11.47923314,0
2020-07-19 20:00:00,0.00194570,0.00194700,0.00193960,0.00194370,8530.07000000,1595190599999,16.57200580,1227,4306.17000000,8.36676407,0
2020-07-19 20:30:00,0.00194420,0.00195040,0.00194320,0.00195020,7536.53000000,1595192399999,14.67316679,1037,4599.92000000,8.95777209,0
2020-07-19 21:00:00,0.00195030,0.00195440,0.00194600,0.00194920,8103.22000000,1595194199999,15.81119765,1169,3997.99000000,7.80402894,0
2020-07-19 21:30:00,0.00194920,0.00195080,0.00194230,0.00194540,10577.09000000,1595195999999,20.60283716,1309,4137.66000000,8.06161893,0
2020-07-19 22:00:00,0.00194520,0.00195100,0.00194070,0.00195000,8014.26000000,1595197799999,15.58955466,1230,4306.65000000,8.38226807,0
2020-07-19 22:30:00,0.00195010,0.00195120,0.00194270,0.00195000,52856.23000000,1595199599999,102.83891079,2319,32253.50000000,62.74927804,0
2020-07-19 23:00:00,0.00195000,0.00196030,0.00194840,0.00196000,22936.99000000,1595201399999,44.85469799,1827,11649.22000000,22.78125240,0
2020-07-19 23:30:00,0.00196000,0.00196240,0.00195000,0.00195610,12036.73000000,1595203199999,23.56016412,1776,6406.05000000,12.54395184,0
2020-07-20 00:00:00,0.00195610,0.00198340,0.00195410,0.00198070,52804.60000000,1595204999999,104.21565445,4092,36940.47000000,72.94060147,0
2020-07-20 00:30:00,0.00198050,0.00198660,0.00197090,0.00197310,53226.32000000,1595206799999,105.40962124,2807,28536.91000000,56.52216632,0
2020-07-20 01:00:00,0.00197330,0.00197650,0.00196330,0.00196750,55203.13000000,1595208599999,108.86159402,2398,9937.87000000,19.58871657,0
2020-07-20 01:30:00,0.00196740,0.00197430,0.00195660,0.00195660,24465.51000000,1595210399999,48.11698248,1928,10571.58000000,20.80584123,0
2020-07-20 02:00:00,0.00195660,0.00196460,0.00195600,0.00196080,17706.71000000,1595212199999,34.70191758,1501,7343.49000000,14.38951817,0
2020-07-20 02:30:00,0.00196050,0.00198030,0.00195920,0.00197870,25676.82000000,1595213999999,50.61666196,1980,18712.70000000,36.90360552,0
2020-07-20 03:00:00,0.00197920,0.00199400,0.00197540,0.00198550,75098.93000000,1595215799999,149.03966538,4160,39086.36000000,77.58631127,0
2020-07-20 03:30:00,0.00198550,0.00199140,0.00197670,0.00198140,26346.86000000,1595217599999,52.27441645,1996,11029.61000000,21.89470062,0
2020-07-20 04:00:00,0.00198200,0.00198420,0.00197600,0.00198380,28476.31000000,1595219399999,56.32491729,1040,17999.16000000,35.58838888,0
2020-07-20 04:30:00,0.00198370,0.00198600,0.00197000,0.00197800,26336.40000000,1595221199999,52.05967150,2002,11782.43000000,23.29315788,0
2020-07-20 05:00:00,0.00197790,0.00198360,0.00197760,0.00198230,16311.48000000,1595222999999,32.31260549,1624,7448.34000000,14.75652001,0
2020-07-20 05:30:00,0.00198230,0.00199400,0.00198040,0.00198910,48575.40000000,1595224799999,96.53122606,2864,27512.73000000,54.68986380,0
2020-07-20 06:00:00,0.00198920,0.00199090,0.00197780,0.00198270,19331.59000000,1595226599999,38.32691345,2134,6841.89000000,13.56375781,0
2020-07-20 06:30:00,0.00198260,0.00198420,0.00197730,0.00197790,17253.47000000,1595228399999,34.17896918,1521,6686.97000000,13.25108819,0
2020-07-20 07:00:00,0.00197800,0.00197840,0.00197040,0.00197560,20485.81000000,1595230199999,40.47552228,1774,10737.00000000,21.22244160,0
2020-07-20 07:30:00,0.00197520,0.00198420,0.00197210,0.00198290,27176.65000000,1595231999999,53.81237372,1891,13940.85000000,27.60603943,0
2020-07-20 08:00:00,0.00198230,0.00198230,0.00197370,0.00197970,15798.08000000,1595233799999,31.24861942,1447,5761.25000000,11.39549660,0
2020-07-20 08:30:00,0.00197980,0.00198000,0.00197130,0.00197450,12832.58000000,1595235599999,25.34197766,1658,7730.07000000,15.26646925,0
2020-07-20 09:00:00,0.00197430,0.00197670,0.00196690,0.00196830,17471.47000000,1595237399999,34.45260978,2133,9604.78000000,18.94162836,0
2020-07-20 09:30:00,0.00196830,0.00197270,0.00196430,0.00196680,14700.37000000,1595239199999,28.94175118,2076,7402.85000000,14.57610423,0
2020-07-20 10:00:00,0.00196680,0.00197110,0.00195800,0.00195800,15382.95000000,1595240999999,30.22529356,2028,6442.38000000,12.66462329,0
2020-07-20 10:30:00,0.00195810,0.00196150,0.00194780,0.00194860,30349.87000000,1595242799999,59.29005555,2687,14606.05000000,28.52610556,0
2020-07-20 11:00:00,0.00194800,0.00195680,0.00194790,0.00195530,17680.75000000,1595244599999,34.52191255,1531,10042.51000000,19.60930991,0
2020-07-20 11:30:00,0.00195560,0.00196000,0.00195050,0.00195500,15868.20000000,1595246399999,31.03307931,1280,5220.48000000,10.20946327,0
2020-07-20 12:00:00,0.00195500,0.00196680,0.00195260,0.00196320,13273.15000000,1595248199999,26.00864538,1995,6854.63000000,13.43086730,0
2020-07-20 12:30:00,0.00196320,0.00196390,0.00194830,0.00195380,18530.35000000,1595249999999,36.23399793,2329,8025.56000000,15.68631901,0
2020-07-20 13:00:00,0.00195500,0.00195550,0.00193730,0.00194490,25410.72000000,1595251799999,49.42368751,3219,11183.22000000,21.75351059,0
2020-07-20 13:30:00,0.00194500,0.00194760,0.00192980,0.00193910,33285.28000000,1595253599999,64.48704036,3100,14656.97000000,28.42276466,0
2020-07-20 14:00:00,0.00193910,0.00194660,0.00193650,0.00193910,27325.51000000,1595255399999,53.06702291,2323,17904.94000000,34.77469501,0
2020-07-20 14:30:00,0.00193950,0.00193960,0.00192430,0.00192750,33619.43000000,1595257199999,64.85837068,2918,16305.46000000,31.44200612,0
2020-07-20 15:00:00,0.00192750,0.00193830,0.00192390,0.00193440,41448.98000000,1595258999999,79.94709293,3020,24976.05000000,48.16606765,0
2020-07-20 15:30:00,0.00193440,0.00194720,0.00192450,0.00193150,39288.79000000,1595260799999,76.01898035,3438,18065.38000000,34.95352187,0
2020-07-20 16:00:00,0.00193160,0.00193730,0.00192680,0.00192850,17403.85000000,1595262599999,33.61347923,1992,9346.43000000,18.05364222,0
2020-07-20 16:30:00,0.00192850,0.00192850,0.00191890,0.00192270,25209.71000000,1595264399999,48.45319680,2555,15671.94000000,30.11917111,0
2020-07-20 17:00:00,0.00192280,0.00192610,0.00191970,0.00192420,13999.92000000,1595266199999,26.92484759,1502,6644.36000000,12.77690872,0
2020-07-20 17:30:00,0.00192440,0.00192580,0.00192070,0.00192070,35531.35000000,1595267999999,68.35575238,1659,6837.75000000,13.15409839,0
2020-07-20 18:00:00,0.00192070,0.00192260,0.00191100,0.00191950,22447.35000000,1595269799999,43.01718526,2910,13253.65000000,25.40417843,0
2020-07-20 18:30:00,0.00191950,0.00192110,0.00191060,0.00191170,13733.29000000,1595271599999,26.28686181,1540,4657.77000000,8.91608918,0
2020-07-20 19:00:00,0.00191130,0.00192210,0.00190160,0.00190740,36042.25000000,1595273399999,68.81876837,3444,11665.29000000,22.30067316,0
2020-07-20 19:30:00,0.00190780,0.00190840,0.00188630,0.00190570,55512.08000000,1595275199999,105.27965867,5331,17950.29000000,34.06832577,0
2020-07-20 20:00:00,0.00190710,0.00191760,0.00189910,0.00191570,19144.04000000,1595276999999,36.52106674,2409,11287.54000000,21.53790537,0
2020-07-20 20:30:00,0.00191590,0.00191830,0.00190650,0.00191350,12404.91000000,1595278799999,23.73966557,1660,6706.94000000,12.83932989,0
2020-07-20 21:00:00,0.00191380,0.00191580,0.00190500,0.00190610,8270.80000000,1595280599999,15.79793530,1535,3604.22000000,6.88537882,0
2020-07-20 21:30:00,0.00190620,0.00191110,0.00190160,0.00191110,10823.17000000,1595282399999,20.62224328,1524,5704.20000000,10.86969417,0
2020-07-20 22:00:00,0.00191110,0.00191420,0.00190230,0.00190600,8983.89000000,1595284199999,17.13513690,1332,3790.72000000,7.23037300,0
2020-07-20 22:30:00,0.00190600,0.00191350,0.00190430,0.00191350,8041.01000000,1595285999999,15.34662180,1267,3636.00000000,6.94153864,0
2020-07-20 23:00:00,0.00191300,0.00192450,0.00191160,0.00192200,17073.61000000,1595287799999,32.78469541,1843,8984.51000000,17.25404869,0
2020-07-20 23:30:00,0.00192200,0.00192260,0.00190580,0.00190660,14950.82000000,1595289599999,28.60814574,1695,3926.45000000,7.51402292,0
2020-07-21 00:00:00,0.00190660,0.00191830,0.00190010,0.00191730,20910.11000000,1595291399999,39.92086497,2104,10263.16000000,19.59477109,0
2020-07-21 00:30:00,0.00191760,0.00192150,0.00191030,0.00191710,25160.85000000,1595293199999,48.22429630,1774,10816.15000000,20.73150942,0
2020-07-21 01:00:00,0.00191720,0.00192630,0.00191680,0.00192560,19230.88000000,1595294999999,36.98143688,1671,11490.99000000,22.09958755,0
2020-07-21 01:30:00,0.00192550,0.00193300,0.00192280,0.00192740,23341.89000000,1595296799999,45.00976394,1918,12179.08000000,23.48966427,0
2020-07-21 02:00:00,0.00192720,0.00193300,0.00192240,0.00192250,28934.52000000,1595298599999,55.76892052,1092,7941.49000000,15.31363455,0
2020-07-21 02:30:00,0.00192240,0.00192440,0.00191860,0.00192180,20415.91000000,1595300399999,39.23261273,1354,7112.44000000,13.66968465,0
2020-07-21 03:00:00,0.00192200,0.00192230,0.00190970,0.00191180,14080.57000000,1595302199999,26.96162758,1620,6608.05000000,12.65179594,0
2020-07-21 03:30:00,0.00191140,0.00191900,0.00190940,0.00191720,45977.90000000,1595303999999,87.93162957,1160,7626.44000000,14.58628419,0
2020-07-21 04:00:00,0.00191690,0.00191920,0.00191100,0.00191240,44575.51000000,1595305799999,85.40450267,1489,7233.16000000,13.85758318,0
2020-07-21 04:30:00,0.00191300,0.00191410,0.00190750,0.00191200,35324.38000000,1595307599999,67.54506083,1104,3354.38000000,6.40923176,0
2020-07-21 05:00:00,0.00191200,0.00191650,0.00190910,0.00191060,16825.53000000,1595309399999,32.16664363,1256,4476.93000000,8.56391594,0
2020-07-21 05:30:00,0.00191040,0.00191690,0.00190580,0.00191370,35181.66000000,1595311199999,67.30054431,1661,5375.24000000,10.27906908,0
2020-07-21 06:00:00,0.00191460,0.00191820,0.00190960,0.00191670,6991.64000000,1595312999999,13.38796316,1190,3438.10000000,6.58490337,0
2020-07-21 06:30:00,0.00191720,0.00191800,0.00191300,0.00191390,9396.36000000,1595314799999,17.99877446,1363,5807.56000000,11.12523686,0
2020-07-21 07:00:00,0.00191340,0.00191700,0.00190940,0.00191200,32792.45000000,1595316599999,62.72487981,2505,7780.38000000,14.88254424,0
2020-07-21 07:30:00,0.00191210,0.00191660,0.00188990,0.00190660,69443.46000000,1595318399999,132.12975605,5176,31806.82000000,60.55384789,0
2020-07-21 08:00:00,0.00190660,0.00190900,0.00189810,0.00190640,28002.24000000,1595320199999,53.31622910,2223,14585.88000000,27.78672856,0
2020-07-21 08:30:00,0.00190650,0.00191050,0.00190600,0.00190760,17555.78000000,1595321999999,33.50217762,1309,8845.34000000,16.88009101,0
2020-07-21 09:00:00,0.00190760,0.00191780,0.00190760,0.00191720,29791.17000000,1595323799999,57.02434446,1918,10451.87000000,20.00118724,0
2020-07-21 09:30:00,0.00191710,0.00192150,0.00191180,0.00191300,15973.13000000,1595325599999,30.64260123,1717,8898.09000000,17.07324715,0
2020-07-21 10:00:00,0.00191400,0.00191830,0.00191140,0.00191700,11751.50000000,1595327399999,22.51230626,1382,6193.92000000,11.86875783,0
2020-07-21 10:30:00,0.00191770,0.00191790,0.00191040,0.00191230,11306.21000000,1595329199999,21.63743972,1529,6045.27000000,11.56959822,0
2020-07-21 11:00:00,0.00191230,0.00191590,0.00190850,0.00190850,11285.41000000,1595330999999,21.58201022,1239,5576.86000000,10.66588485,0
2020-07-21 11:30:00,0.00190890,0.00191120,0.00190410,0.00190880,10814.04000000,1595332799999,20.62633141,1600,4388.15000000,8.37052449,0
2020-07-21 12:00:00,0.00190880,0.00191900,0.00190840,0.00191480,16387.89000000,1595334599999,31.34480855,1863,7880.35000000,15.07570066,0
2020-07-21 12:30:00,0.00191490,0.00191580,0.00190400,0.00191350,13561.21000000,1595336399999,25.91211299,1979,5233.96000000,10.00172553,0
2020-07-21 13:00:00,0.00191390,0.00191420,0.00190130,0.00190180,22631.12000000,1595338199999,43.20292669,2620,7891.55000000,15.06260512,0
2020-07-21 13:30:00,0.00190180,0.00190460,0.00189230,0.00189620,18930.04000000,1595339999999,35.94219316,2703,9627.81000000,18.28361468,0
2020-07-21 14:00:00,0.00189620,0.00190130,0.00189000,0.00189910,18873.74000000,1595341799999,35.77287246,2156,8441.61000000,16.01205682,0
2020-07-21 14:30:00,0.00189930,0.00190540,0.00189720,0.00190500,12518.31000000,1595343599999,23.78822626,1513,5731.32000000,10.89465117,0
2020-07-21 15:00:00,0.00190480,0.00191020,0.00190050,0.00190120,14595.93000000,1595345399999,27.80018839,1909,8193.66000000,15.60700176,0
2020-07-21 15:30:00,0.00190120,0.00190610,0.00189550,0.00190330,19981.08000000,1595347199999,37.97231632,2339,7472.24000000,14.20320868,0
2020-07-21 16:00:00,0.00190340,0.00190650,0.00189190,0.00189250,18302.31000000,1595348999999,34.74916786,2351,9486.49000000,18.01721888,0
2020-07-21 16:30:00,0.00189190,0.00189300,0.00188210,0.00188720,29624.81000000,1595350799999,55.89431502,2742,13939.37000000,26.29893636,0
2020-07-21 17:00:00,0.00188710,0.00188850,0.00187760,0.00188670,26603.75000000,1595352599999,50.06906537,2145,13112.24000000,24.67394879,0
2020-07-21 17:30:00,0.00188650,0.00189190,0.00188310,0.00188830,8227.48000000,1595354399999,15.53565227,1479,3772.69000000,7.12505721,0
2020-07-21 18:00:00,0.00188830,0.00189650,0.00188650,0.00189000,10118.56000000,1595356199999,19.14340782,1460,5732.81000000,10.84479588,0
2020-07-21 18:30:00,0.00189010,0.00189640,0.00188580,0.00188790,9383.64000000,1595357999999,17.74208178,1443,4677.20000000,8.84261448,0
2020-07-21 19:00:00,0.00188790,0.00189050,0.00188380,0.00188710,12723.10000000,1595359799999,24.00952350,1506,7130.73000000,13.46089821,0
2020-07-21 19:30:00,0.00188700,0.00188710,0.00188030,0.00188260,17131.41000000,1595361599999,32.24589491,1854,8093.89000000,15.23373274,0
2020-07-21 20:00:00,0.00188270,0.00188300,0.00187280,0.00188230,21495.46000000,1595363399999,40.37034846,2624,10412.52000000,19.56035650,0
2020-07-21 20:30:00,0.00188200,0.00188220,0.00187480,0.00188120,8749.24000000,1595365199999,16.43241118,1319,4167.68000000,7.82741399,0
2020-07-21 21:00:00,0.00188080,0.00188540,0.00187740,0.00187960,11119.24000000,1595366999999,20.92639496,1196,4187.18000000,7.88037414,0
2020-07-21 21:30:00,0.00187960,0.00188540,0.00187670,0.00188140,11723.03000000,1595368799999,22.05669395,1571,4366.08000000,8.21628914,0
2020-07-21 22:00:00,0.00188120,0.00188340,0.00187620,0.00187700,12285.27000000,1595370599999,23.09539808,1378,6457.78000000,12.14032703,0
2020-07-21 22:30:00,0.00187710,0.00188160,0.00187540,0.00188000,4858.51000000,1595372399999,9.13122090,706,1403.93000000,2.63893800,0
2020-07-21 23:00:00,0.00187990,0.00189290,0.00187910,0.00189290,8868.75000000,1595374199999,16.73643000,1369,5122.20000000,9.66896057,0
2020-07-21 23:30:00,0.00189290,0.00189340,0.00188650,0.00188650,9278.08000000,1595375999999,17.54009174,1115,4541.71000000,8.58918912,0
2020-07-22 00:00:00,0.00188720,0.00188940,0.00188330,0.00188700,13534.39000000,1595377799999,25.52995559,1189,6908.34000000,13.03094499,0
2020-07-22 00:30:00,0.00188710,0.00189050,0.00188340,0.00188860,19584.75000000,1595379599999,36.97088502,1164,9640.54000000,18.20039369,0
2020-07-22 01:00:00,0.00188870,0.00189110,0.00188550,0.00188980,11416.27000000,1595381399999,21.56100015,1023,6004.39000000,11.34137684,0
2020-07-22 01:30:00,0.00189010,0.00189030,0.00188450,0.00188620,14462.98000000,1595383199999,27.31022526,1199,6255.03000000,11.81307473,0
2020-07-22 02:00:00,0.00188630,0.00189420,0.00188490,0.00189350,31395.50000000,1595384999999,59.32034084,1308,15567.68000000,29.42493967,0
2020-07-22 02:30:00,0.00189350,0.00189540,0.00188670,0.00188810,13019.54000000,1595386799999,24.62541187,970,5407.19000000,10.22999876,0
2020-07-22 03:00:00,0.00188810,0.00189420,0.00188720,0.00189150,43439.65000000,1595388599999,82.14628427,1389,16491.83000000,31.19099735,0
2020-07-22 03:30:00,0.00189150,0.00189470,0.00188850,0.00189380,22381.21000000,1595390399999,42.35313978,1282,7029.03000000,13.30263995,0
2020-07-22 04:00:00,0.00189360,0.00189370,0.00188840,0.00189050,9980.92000000,1595392199999,18.87175693,851,3152.17000000,5.96110502,0
2020-07-22 04:30:00,0.00189040,0.00189280,0.00188460,0.00188880,27098.08000000,1595393999999,51.18173015,1437,8852.95000000,16.71320837,0
2020-07-22 05:00:00,0.00188890,0.00189090,0.00188670,0.00188970,17007.62000000,1595395799999,32.13271471,734,3526.62000000,6.66308857,0
2020-07-22 05:30:00,0.00188970,0.00189050,0.00188380,0.00188640,7395.33000000,1595397599999,13.95074939,897,2112.15000000,3.98440027,0
2020-07-22 06:00:00,0.00188600,0.00188740,0.00188320,0.00188370,6659.25000000,1595399399999,12.55725327,976,3318.36000000,6.25948370,0
2020-07-22 06:30:00,0.00188420,0.00188740,0.00188280,0.00188730,5277.83000000,1595401199999,9.95322408,813,2596.74000000,4.89784015,0
2020-07-22 07:00:00,0.00188730,0.00188730,0.00188290,0.00188370,27596.93000000,1595402999999,52.02746772,1123,3738.76000000,7.04904826,0
2020-07-22 07:30:00,0.00188380,0.00188660,0.00187920,0.00187920,19906.65000000,1595404799999,37.49542216,1407,7234.99000000,13.62661423,0
2020-07-22 08:00:00,0.00187920,0.00188300,0.00187700,0.00188110,10174.21000000,1595406599999,19.12701070,1341,4437.30000000,8.34328018,0
2020-07-22 08:30:00,0.00188120,0.00188540,0.00187710,0.00188180,13181.54000000,1595408399999,24.80784865,1857,5341.92000000,10.05445235,0
2020-07-22 09:00:00,0.00188180,0.00188740,0.00187860,0.00188590,13145.41000000,1595410199999,24.77609333,1825,6464.34000000,12.18772927,0
2020-07-22 09:30:00,0.00188600,0.00188990,0.00188470,0.00188840,7562.89000000,1595411999999,14.27831449,1699,3473.26000000,6.55926763,0
2020-07-22 10:00:00,0.00188840,0.00189050,0.00188630,0.00188910,10731.90000000,1595413799999,20.27281930,1413,4475.52000000,8.45645759,0
2020-07-22 10:30:00,0.00188910,0.00189110,0.00188800,0.00188800,11639.29000000,1595415599999,21.99322418,1084,6540.80000000,12.36090297,0
2020-07-22 11:00:00,0.00188810,0.00189000,0.00188520,0.00188780,5921.51000000,1595417399999,11.17888825,938,2295.66000000,4.33449481,0
2020-07-22 11:30:00,0.00188800,0.00189030,0.00188410,0.00188750,12465.08000000,1595419199999,23.52738349,1258,6242.84000000,11.78947934,0
2020-07-22 12:00:00,0.00188760,0.00189030,0.00188430,0.00188530,15389.66000000,1595420999999,29.04390936,1436,6087.51000000,11.48974226,0
2020-07-22 12:30:00,0.00188540,0.00188750,0.00188090,0.00188220,10399.15000000,1595422799999,19.58666204,1319,4988.15000000,9.39598140,0
2020-07-22 13:00:00,0.00188260,0.00188320,0.00188000,0.00188150,9592.70000000,1595424599999,18.04517439,1248,2885.69000000,5.43038736,0
2020-07-22 13:30:00,0.00188200,0.00188700,0.00188060,0.00188600,7084.21000000,1595426399999,13.35108059,1050,3614.94000000,6.81314887,0
2020-07-22 14:00:00,0.00188600,0.00188950,0.00188260,0.00188300,10864.19000000,1595428199999,20.49313420,1400,4675.53000000,8.82146060,0
2020-07-22 14:30:00,0.00188310,0.00190740,0.00188130,0.00190280,53835.22000000,1595429999999,102.12860007,3385,27869.87000000,52.85974452,0
2020-07-22 15:00:00,0.00190360,0.00190500,0.00189410,0.00189890,29190.22000000,1595431799999,55.46881905,2008,12578.89000000,23.91673415,0
2020-07-22 15:30:00,0.00189890,0.00190310,0.00189170,0.00189570,23434.41000000,1595433599999,44.44983465,1795,9427.82000000,17.89286970,0
2020-07-22 16:00:00,0.00189580,0.00190000,0.00189420,0.00189570,12853.01000000,1595435399999,24.38428126,1653,6332.45000000,12.01709628,0
2020-07-22 16:30:00,0.00189590,0.00189810,0.00189120,0.00189310,10624.41000000,1595437199999,20.12691497,1294,3596.85000000,6.81849493,0
2020-07-22 17:00:00,0.00189310,0.00190740,0.00189270,0.00189410,18917.45000000,1595438999999,35.96563634,2064,10502.26000000,19.97070368,0
2020-07-22 17:30:00,0.00189430,0.00189830,0.00188840,0.00188840,25065.99000000,1595440799999,47.41559171,1622,10053.09000000,19.01847321,0
2020-07-22 18:00:00,0.00188900,0.00189000,0.00188050,0.00188970,19838.06000000,1595442599999,37.45109078,1897,9043.03000000,17.08273394,0
2020-07-22 18:30:00,0.00188990,0.00189430,0.00188700,0.00188880,14530.46000000,1595444399999,27.48588715,1199,5069.88000000,9.58958869,0
2020-07-22 19:00:00,0.00188880,0.00188990,0.00187880,0.00188110,17573.45000000,1595446199999,33.11758044,1592,8591.80000000,16.20112603,0
2020-07-22 19:30:00,0.00188110,0.00188670,0.00188080,0.00188320,10238.87000000,1595447999999,19.28921164,1059,4984.57000000,9.39090474,0
2020-07-22 20:00:00,0.00188300,0.00189370,0.00188300,0.00189240,27333.42000000,1595449799999,51.69017539,1380,7428.53000000,14.03612068,0
2020-07-22 20:30:00,0.00189270,0.00189560,0.00189010,0.00189430,22543.77000000,1595451599999,42.69765553,1329,7658.00000000,14.49785147,0
2020-07-22 21:00:00,0.00189430,0.00189430,0.00188630,0.00189270,10630.15000000,1595453399999,20.09613303,1101,6415.08000000,12.12870602,0
2020-07-22 21:30:00,0.00189220,0.00189290,0.00188620,0.00188820,21392.90000000,1595455199999,40.41466245,1146,4461.02000000,8.43124847,0
2020-07-22 22:00:00,0.00188900,0.00189660,0.00188300,0.00189290,20363.62000000,1595456999999,38.45794590,2026,10173.96000000,19.21398158,0
2020-07-22 22:30:00,0.00189350,0.00189350,0.00186510,0.00188210,61564.97000000,1595458799999,115.58670616,5791,24013.93000000,45.09316285,0
2020-07-22 23:00:00,0.00188310,0.00188630,0.00187690,0.00188120,19151.54000000,1595460599999,36.00581174,1669,10932.28000000,20.55346568,0
