,Name,pfast,pslow,Return,MaxDrawDown,TotalTrades#,WinTrades#,LossTrades#,WinRatio,AverageWin$,AverageLoss$,LongestWinStreak,LongestLossStreak,AverageWinLossRatio,RankReturn,RankMaxDrawDown,RankWinRatio,RankAverageWinLossRatio,Score
0,SMACross,5,10,-0.3473,43.6326,130.0000,39.0000,91.0000,0.3000,179.6129,-115.1390,2.0000,14.0000,1.5600,598,593,507,517,553.7500
1,SMACross,5,11,-0.3263,39.7296,126.0000,39.0000,87.0000,0.3095,167.4799,-112.5800,3.0000,7.0000,1.4877,589,580,460,530,539.7500
2,SMACross,5,12,-0.2631,35.8093,111.0000,34.0000,77.0000,0.3063,192.6618,-119.2406,3.0000,12.0000,1.6157,571,517,473,496,514.2500
3,SMACross,5,13,-0.2772,37.5877,102.0000,34.0000,68.0000,0.3333,203.4041,-139.7284,3.0000,11.0000,1.4557,576,553,318,543,497.5000
4,SMACross,5,14,-0.3053,39.2423,97.0000,29.0000,68.0000,0.2990,232.6117,-142.0268,2.0000,9.0000,1.6378,583,577,523,488,542.7500
5,SMACross,5,15,-0.2685,37.6267,85.0000,27.0000,58.0000,0.3176,256.0075,-162.9094,2.0000,6.0000,1.5715,572,554,417,510,513.2500
6,SMACross,5,16,-0.2685,42.3727,81.0000,25.0000,56.0000,0.3086,281.3102,-170.3654,4.0000,10.0000,1.6512,573,591,466,482,528.0000
7,SMACross,5,17,-0.2594,41.0514,75.0000,25.0000,50.0000,0.3333,259.5355,-177.8358,3.0000,11.0000,1.4594,570,583,318,542,503.2500
8,SMACross,5,18,-0.1409,35.5961,72.0000,23.0000,49.0000,0.3194,275.5390,-158.0946,3.0000,11.0000,1.7429,503,513,406,447,467.2500
9,SMACross,5,19,-0.1470,35.4136,66.0000,21.0000,45.0000,0.3182,324.6278,-179.5707,4.0000,10.0000,1.8078,510,505,412,426,463.2500
10,SMACross,5,20,-0.1555,34.6235,66.0000,22.0000,44.0000,0.3333,295.5359,-178.1731,4.0000,9.0000,1.6587,522,480,318,480,450.0000
11,SMACross,5,21,0.0681,23.0930,62.0000,21.0000,41.0000,0.3387,337.1857,-149.4019,3.0000,9.0000,2.2569,179,173,313,204,217.2500
12,SMACross,5,22,0.0043,26.7727,61.0000,21.0000,40.0000,0.3443,308.4515,-154.3918,4.0000,11.0000,1.9978,301,255,276,339,292.7500
13,SMACross,5,23,0.0351,27.6161,59.0000,20.0000,39.0000,0.3390,322.0813,-156.1734,4.0000,9.0000,2.0623,252,278,312,307,287.2500
14,SMACross,5,24,0.0012,27.3862,57.0000,18.0000,39.0000,0.3158,345.4318,-159.1306,4.0000,10.0000,2.1707,308,274,424,248,313.5000
15,SMACross,5,25,-0.0472,27.4188,52.0000,16.0000,36.0000,0.3077,342.0385,-168.5395,2.0000,10.0000,2.0294,392,275,467,325,364.7500
16,SMACross,5,26,-0.1555,35.4646,55.0000,16.0000,39.0000,0.2909,336.0044,-180.5105,2.0000,11.0000,1.8614,523,507,550,396,494.0000
17,SMACross,5,27,-0.1534,36.2150,54.0000,17.0000,37.0000,0.3148,319.1416,-188.1001,2.0000,11.0000,1.6967,517,530,437,465,487.2500
18,SMACross,5,28,-0.1160,34.8807,52.0000,17.0000,35.0000,0.3269,330.6380,-193.7407,2.0000,10.0000,1.7066,472,487,359,461,444.7500
19,SMACross,5,29,-0.0911,34.7300,50.0000,15.0000,35.0000,0.3000,378.3852,-188.1893,2.0000,9.0000,2.0107,443,482,507,330,440.5000
20,SMACross,5,30,-0.0842,34.0675,51.0000,14.0000,37.0000,0.2745,381.8423,-170.4111,2.0000,9.0000,2.2407,434,463,597,211,426.2500
21,SMACross,5,31,-0.0726,32.6385,50.0000,14.0000,36.0000,0.2800,374.9915,-169.2990,2.0000,9.0000,2.2150,424,410,581,227,410.5000
22,SMACross,5,32,-0.0557,33.3563,49.0000,14.0000,35.0000,0.2857,380.7758,-171.6910,2.0000,10.0000,2.2178,404,433,563,224,406.0000
23,SMACross,5,33,-0.0008,30.1589,47.0000,15.0000,32.0000,0.3191,372.8708,-177.7797,4.0000,9.0000,2.0974,326,347,408,282,340.7500
24,SMACross,5,34,0.0042,30.0486,47.0000,14.0000,33.0000,0.2979,390.1265,-166.9316,2.0000,10.0000,2.3370,302,343,524,154,330.7500
25,SMACross,5,35,-0.0842,32.8079,48.0000,15.0000,33.0000,0.3125,336.6106,-180.9659,4.0000,10.0000,1.8601,435,415,443,397,422.5000
26,SMACross,5,36,-0.0246,31.3591,47.0000,13.0000,34.0000,0.2766,435.1425,-176.1421,2.0000,9.0000,2.4704,359,377,592,98,356.5000
27,SMACross,5,37,-0.0305,32.6084,46.0000,13.0000,33.0000,0.2826,440.0561,-185.2000,2.0000,9.0000,2.3761,369,408,574,132,370.7500
28,SMACross,5,38,-0.0460,32.9527,44.0000,14.0000,30.0000,0.3182,408.1417,-208.5957,3.0000,9.0000,1.9566,390,421,412,359,395.5000
29,SMACross,5,39,-0.0287,31.5465,44.0000,12.0000,32.0000,0.2727,457.5685,-183.2333,3.0000,10.0000,2.4972,366,381,598,89,358.5000
30,SMACross,5,40,-0.0445,33.5855,44.0000,12.0000,32.0000,0.2727,466.3516,-191.4209,3.0000,10.0000,2.4363,386,443,598,109,384.0000
31,SMACross,5,41,-0.0310,33.9866,41.0000,12.0000,29.0000,0.2927,477.6950,-211.3030,3.0000,8.0000,2.2607,370,461,547,199,394.2500
32,SMACross,5,42,-0.0195,33.8820,44.0000,14.0000,30.0000,0.3182,410.9569,-201.1787,4.0000,9.0000,2.0427,350,458,412,317,384.2500
33,SMACross,5,43,-0.0585,35.1129,43.0000,12.0000,31.0000,0.2791,466.9107,-202.2785,2.0000,9.0000,2.3083,407,496,582,170,413.7500
34,SMACross,5,44,-0.0312,31.5570,43.0000,12.0000,31.0000,0.2791,474.2927,-196.4373,2.0000,9.0000,2.4145,372,382,582,115,362.7500
35,SMACross,5,45,-0.0001,30.7196,41.0000,11.0000,30.0000,0.2683,520.8772,-193.9773,2.0000,10.0000,2.6852,323,358,610,45,334.0000
36,SMACross,5,46,-0.0201,33.2628,39.0000,11.0000,28.0000,0.2821,527.3244,-217.4487,2.0000,9.0000,2.4251,351,429,575,113,367.0000
37,SMACross,5,47,-0.0098,32.4165,38.0000,11.0000,27.0000,0.2895,523.6258,-220.2030,2.0000,8.0000,2.3779,338,404,557,129,357.0000
38,SMACross,5,48,-0.0324,33.7394,39.0000,11.0000,28.0000,0.2821,524.0979,-220.5163,2.0000,8.0000,2.3767,373,451,575,131,382.5000
39,SMACross,5,49,-0.0004,30.6479,37.0000,11.0000,26.0000,0.2973,499.9389,-215.0779,2.0000,6.0000,2.3245,324,355,527,160,341.5000
40,SMACross,5,50,0.0393,31.2975,36.0000,11.0000,25.0000,0.3056,498.8427,-207.4380,2.0000,6.0000,2.4048,244,375,475,119,303.2500
41,SMACross,6,10,-0.3311,43.2688,130.0000,40.0000,90.0000,0.3077,182.0692,-117.7085,2.0000,10.0000,1.5468,592,592,467,523,543.5000
42,SMACross,6,11,-0.2718,37.3807,123.0000,42.0000,81.0000,0.3415,169.9229,-119.4869,2.0000,6.0000,1.4221,574,549,301,548,493.0000
43,SMACross,6,12,-0.2592,34.9164,107.0000,37.0000,70.0000,0.3458,186.7178,-132.9999,3.0000,9.0000,1.4039,569,491,269,551,470.0000
44,SMACross,6,13,-0.2821,36.3699,97.0000,34.0000,63.0000,0.3505,205.2597,-152.6038,3.0000,11.0000,1.3450,577,532,254,559,480.5000
45,SMACross,6,14,-0.3317,41.1598,96.0000,30.0000,66.0000,0.3125,217.4128,-146.6270,4.0000,12.0000,1.4828,593,584,443,532,538.0000
46,SMACross,6,15,-0.3066,37.8235,89.0000,28.0000,61.0000,0.3146,250.2283,-162.3692,3.0000,9.0000,1.5411,584,558,438,524,526.0000
47,SMACross,6,16,-0.2572,40.7136,72.0000,25.0000,47.0000,0.3472,279.2912,-199.4632,3.0000,9.0000,1.4002,565,581,264,553,490.7500
48,SMACross,6,17,-0.2579,36.9399,74.0000,22.0000,52.0000,0.2973,301.7581,-173.5910,3.0000,10.0000,1.7383,566,542,527,448,520.7500
49,SMACross,6,18,-0.1800,34.4743,70.0000,23.0000,47.0000,0.3286,288.4732,-174.9384,3.0000,10.0000,1.6490,545,476,355,484,465.0000
50,SMACross,6,19,-0.1341,32.8197,66.0000,23.0000,43.0000,0.3485,276.6691,-174.2999,5.0000,7.0000,1.5873,492,416,261,503,418.0000
51,SMACross,6,20,0.0145,22.1866,61.0000,21.0000,40.0000,0.3443,308.0776,-151.9778,3.0000,6.0000,2.0271,284,155,276,327,260.5000
52,SMACross,6,21,0.0478,21.2859,57.0000,19.0000,38.0000,0.3333,341.0802,-150.8688,3.0000,8.0000,2.2608,222,136,318,198,218.5000
53,SMACross,6,22,0.0217,22.1687,54.0000,19.0000,35.0000,0.3519,319.8591,-159.8803,4.0000,8.0000,2.0006,265,154,246,336,250.2500
54,SMACross,6,23,0.0131,21.4441,54.0000,19.0000,35.0000,0.3519,320.7265,-162.8549,4.0000,8.0000,1.9694,286,140,246,353,256.2500
55,SMACross,6,24,0.0110,21.2100,54.0000,16.0000,38.0000,0.2963,371.4641,-147.0776,3.0000,10.0000,2.5256,291,135,533,83,260.5000
56,SMACross,6,25,-0.0714,29.1325,51.0000,17.0000,34.0000,0.3333,345.5645,-187.1634,3.0000,10.0000,1.8463,419,323,318,406,366.5000
57,SMACross,6,26,-0.0284,25.9440,48.0000,17.0000,31.0000,0.3542,337.6199,-198.3292,3.0000,6.0000,1.7023,365,239,237,463,326.0000
58,SMACross,6,27,0.0154,24.7302,48.0000,17.0000,31.0000,0.3542,353.2258,-191.6304,3.0000,6.0000,1.8433,282,208,237,410,284.2500
59,SMACross,6,28,-0.1198,35.1446,50.0000,18.0000,32.0000,0.3600,327.8028,-221.8412,3.0000,7.0000,1.4776,476,497,211,533,429.2500
60,SMACross,6,29,-0.0510,31.0011,48.0000,15.0000,33.0000,0.3125,407.9956,-203.4377,2.0000,6.0000,2.0055,398,366,443,333,385.0000
61,SMACross,6,30,0.0103,28.3328,47.0000,15.0000,32.0000,0.3191,396.8840,-185.6048,2.0000,6.0000,2.1383,293,298,408,260,314.7500
62,SMACross,6,31,0.0195,27.4270,48.0000,15.0000,33.0000,0.3125,395.6722,-176.6561,2.0000,6.0000,2.2398,270,276,443,212,300.2500
63,SMACross,6,32,0.0117,30.7716,49.0000,14.0000,35.0000,0.2857,429.4240,-170.9706,2.0000,6.0000,2.5117,289,363,563,85,325.0000
64,SMACross,6,33,-0.0072,31.8976,46.0000,14.0000,32.0000,0.3043,408.5493,-183.7339,2.0000,6.0000,2.2236,337,391,489,220,359.2500
65,SMACross,6,34,0.0475,28.3768,48.0000,15.0000,33.0000,0.3125,396.0210,-168.4320,2.0000,7.0000,2.3512,223,300,443,143,277.2500
66,SMACross,6,35,0.0445,29.8385,48.0000,15.0000,33.0000,0.3125,411.3503,-176.2735,2.0000,7.0000,2.3336,233,335,443,155,291.5000
67,SMACross,6,36,0.0420,27.1147,47.0000,14.0000,33.0000,0.2979,426.1594,-170.8625,3.0000,6.0000,2.4942,239,267,524,90,280.0000
68,SMACross,6,37,0.0458,26.9278,45.0000,15.0000,30.0000,0.3333,400.6413,-188.1311,3.0000,6.0000,2.1296,230,259,318,264,267.7500
69,SMACross,6,38,0.0459,27.6187,44.0000,14.0000,30.0000,0.3182,421.3045,-184.3799,3.0000,8.0000,2.2850,229,279,412,181,275.2500
70,SMACross,6,39,0.0332,27.8724,42.0000,13.0000,29.0000,0.3095,436.3339,-187.3090,3.0000,8.0000,2.3295,255,287,460,158,290.0000
71,SMACross,6,40,0.0183,29.9100,43.0000,13.0000,30.0000,0.3023,442.4661,-188.6405,3.0000,9.0000,2.3456,275,338,502,146,315.2500
72,SMACross,6,41,0.0236,30.7128,40.0000,13.0000,27.0000,0.3250,440.0091,-206.4759,3.0000,7.0000,2.1310,263,357,367,263,312.5000
73,SMACross,6,42,0.0055,31.0550,40.0000,12.0000,28.0000,0.3000,468.7741,-200.4931,2.0000,6.0000,2.3381,298,369,507,151,331.2500
74,SMACross,6,43,-0.0172,31.4694,39.0000,12.0000,27.0000,0.3077,463.6212,-214.0062,2.0000,7.0000,2.1664,346,380,467,251,361.0000
75,SMACross,6,44,-0.0335,32.9803,36.0000,11.0000,25.0000,0.3056,502.7767,-236.3157,2.0000,8.0000,2.1276,374,422,475,266,384.2500
76,SMACross,6,45,-0.0464,32.7405,36.0000,11.0000,25.0000,0.3056,503.4850,-241.7662,2.0000,7.0000,2.0825,391,413,475,293,393.0000
77,SMACross,6,46,-0.0446,32.6005,38.0000,11.0000,27.0000,0.2895,509.5223,-225.6491,2.0000,8.0000,2.2580,387,407,557,201,388.0000
78,SMACross,6,47,-0.0228,31.2914,35.0000,11.0000,24.0000,0.3143,517.6733,-248.5469,2.0000,7.0000,2.0828,355,374,439,292,365.0000
79,SMACross,6,48,-0.0028,29.4224,36.0000,11.0000,25.0000,0.3056,524.5844,-233.6820,2.0000,7.0000,2.2449,331,330,475,210,336.5000
80,SMACross,6,49,0.0604,30.0118,34.0000,10.0000,24.0000,0.2941,606.1914,-229.3274,2.0000,6.0000,2.6433,193,341,537,54,281.2500
81,SMACross,6,50,0.0915,28.8277,34.0000,10.0000,24.0000,0.2941,615.4937,-220.2854,3.0000,8.0000,2.7941,139,315,537,30,255.2500
82,SMACross,7,10,-0.4169,47.5617,145.0000,52.0000,93.0000,0.3586,127.8025,-114.6716,4.0000,9.0000,1.1145,621,599,218,587,506.2500
83,SMACross,7,11,-0.2723,37.1422,122.0000,42.0000,80.0000,0.3443,172.2100,-122.1078,3.0000,7.0000,1.4103,575,543,276,549,485.7500
84,SMACross,7,12,-0.2904,35.4794,110.0000,39.0000,71.0000,0.3545,166.4684,-129.7731,4.0000,14.0000,1.2828,578,509,235,576,474.5000
85,SMACross,7,13,-0.3573,42.2075,100.0000,36.0000,64.0000,0.3600,177.9793,-153.3576,3.0000,10.0000,1.1606,600,590,211,583,496.0000
86,SMACross,7,14,-0.3715,41.6600,90.0000,31.0000,59.0000,0.3444,202.0868,-166.4043,4.0000,9.0000,1.2144,605,588,275,580,512.0000
87,SMACross,7,15,-0.3251,40.8907,84.0000,26.0000,58.0000,0.3095,253.9134,-166.8736,3.0000,11.0000,1.5216,588,582,460,525,538.7500
88,SMACross,7,16,-0.2590,36.1128,77.0000,22.0000,55.0000,0.2857,331.5713,-176.2461,3.0000,9.0000,1.8813,568,525,563,391,511.7500
89,SMACross,7,17,-0.1961,30.4539,72.0000,22.0000,50.0000,0.3056,311.5827,-172.1824,3.0000,8.0000,1.8096,556,350,475,424,451.2500
90,SMACross,7,18,-0.1474,26.0819,68.0000,24.0000,44.0000,0.3529,282.4717,-182.5891,3.0000,7.0000,1.5470,511,243,242,522,379.5000
91,SMACross,7,19,-0.0143,22.8959,63.0000,22.0000,41.0000,0.3492,292.1125,-154.0398,4.0000,7.0000,1.8963,343,168,257,384,288.0000
92,SMACross,7,20,0.0314,20.9336,58.0000,20.0000,38.0000,0.3448,323.2549,-154.8849,3.0000,6.0000,2.0871,258,130,271,289,237.0000
93,SMACross,7,21,0.0706,21.3541,56.0000,20.0000,36.0000,0.3571,329.2509,-155.6696,3.0000,6.0000,2.1151,174,137,223,272,201.5000
94,SMACross,7,22,0.1085,20.7432,52.0000,20.0000,32.0000,0.3846,323.6324,-159.3862,4.0000,5.0000,2.0305,104,129,126,323,170.5000
95,SMACross,7,23,0.0770,20.6462,52.0000,19.0000,33.0000,0.3654,337.7840,-162.6996,3.0000,5.0000,2.0761,163,127,200,300,197.5000
96,SMACross,7,24,0.0590,20.0661,52.0000,18.0000,34.0000,0.3462,344.7284,-156.8830,3.0000,5.0000,2.1974,198,116,268,233,203.7500
97,SMACross,7,25,0.0830,19.6923,49.0000,17.0000,32.0000,0.3469,371.6359,-162.7973,3.0000,5.0000,2.2828,154,106,265,182,176.7500
98,SMACross,7,26,0.0759,18.3717,49.0000,15.0000,34.0000,0.3061,405.3128,-159.2955,3.0000,6.0000,2.5444,166,70,474,79,197.2500
99,SMACross,7,27,0.0812,19.9900,47.0000,15.0000,32.0000,0.3191,411.1004,-170.3220,3.0000,6.0000,2.4137,156,114,408,116,198.5000
100,SMACross,7,28,0.1436,18.2327,46.0000,16.0000,30.0000,0.3478,413.8826,-176.2391,2.0000,5.0000,2.3484,74,68,262,144,137.0000
101,SMACross,7,29,0.0191,28.8219,47.0000,14.0000,33.0000,0.2979,461.6634,-192.7919,2.0000,6.0000,2.3946,272,314,524,122,308.0000
102,SMACross,7,30,0.0522,29.2370,46.0000,14.0000,32.0000,0.3043,457.5255,-186.7639,2.0000,6.0000,2.4498,209,326,489,102,281.5000
103,SMACross,7,31,0.0219,29.9162,47.0000,13.0000,34.0000,0.2766,464.0822,-173.6551,2.0000,7.0000,2.6724,264,339,592,46,310.2500
104,SMACross,7,32,0.0242,28.7167,48.0000,13.0000,35.0000,0.2708,458.9177,-166.1231,2.0000,7.0000,2.7625,262,310,604,34,302.5000
105,SMACross,7,33,-0.0046,30.6347,48.0000,13.0000,35.0000,0.2708,430.6601,-162.5118,3.0000,10.0000,2.6500,333,354,604,51,335.5000
106,SMACross,7,34,0.0212,29.1159,44.0000,13.0000,31.0000,0.2955,439.1086,-178.7379,3.0000,7.0000,2.4567,266,322,534,101,305.7500
107,SMACross,7,35,0.0248,28.6678,44.0000,13.0000,31.0000,0.2955,439.9598,-177.9224,3.0000,7.0000,2.4728,261,309,534,96,300.0000
108,SMACross,7,36,0.0373,27.7118,43.0000,14.0000,29.0000,0.3256,409.5115,-186.3696,4.0000,7.0000,2.1973,249,282,365,234,282.5000
109,SMACross,7,37,0.0625,27.0770,42.0000,14.0000,28.0000,0.3333,414.7405,-186.6944,4.0000,8.0000,2.2215,188,265,318,223,248.5000
110,SMACross,7,38,0.0573,28.2459,41.0000,14.0000,27.0000,0.3415,422.2337,-199.4192,4.0000,5.0000,2.1173,205,294,301,271,267.7500
111,SMACross,7,39,0.0126,29.7302,40.0000,13.0000,27.0000,0.3250,438.9521,-208.2947,3.0000,5.0000,2.1074,287,333,367,277,316.0000
112,SMACross,7,40,0.0369,28.7670,38.0000,13.0000,25.0000,0.3421,445.4382,-218.6537,3.0000,5.0000,2.0372,250,313,290,319,293.0000
113,SMACross,7,41,0.0202,30.4381,38.0000,12.0000,26.0000,0.3158,493.0844,-221.4929,2.0000,5.0000,2.2262,269,349,424,217,314.7500
114,SMACross,7,42,0.0032,31.3556,34.0000,10.0000,24.0000,0.2941,576.7580,-240.7859,2.0000,5.0000,2.3953,304,376,537,121,334.5000
115,SMACross,7,43,0.0017,31.2690,36.0000,11.0000,25.0000,0.3056,541.4500,-239.3024,2.0000,6.0000,2.2626,307,372,475,197,337.7500
116,SMACross,7,44,0.0465,31.2699,34.0000,11.0000,23.0000,0.3235,575.5204,-257.0081,3.0000,6.0000,2.2393,226,373,381,213,298.2500
117,SMACross,7,45,-0.0270,33.4750,34.0000,11.0000,23.0000,0.3235,536.5210,-270.1739,3.0000,7.0000,1.9858,362,438,381,343,381.0000
118,SMACross,7,46,0.0023,33.7149,34.0000,11.0000,23.0000,0.3235,567.5665,-272.3405,3.0000,7.0000,2.0840,306,449,381,291,356.7500
119,SMACross,7,47,0.0796,28.5942,32.0000,11.0000,21.0000,0.3438,568.9709,-262.3694,3.0000,6.0000,2.1686,159,305,279,249,248.0000
120,SMACross,7,48,0.0506,28.2977,33.0000,10.0000,23.0000,0.3030,599.1505,-240.4703,3.0000,7.0000,2.4916,214,297,491,92,273.5000
121,SMACross,7,49,0.0589,28.9347,33.0000,11.0000,22.0000,0.3333,534.6311,-242.6229,3.0000,6.0000,2.2035,199,319,318,229,266.2500
122,SMACross,7,50,0.0387,31.0307,32.0000,11.0000,21.0000,0.3438,521.0876,-256.6865,3.0000,6.0000,2.0301,245,368,279,324,304.0000
123,SMACross,8,10,-0.4229,50.0074,158.0000,51.0000,107.0000,0.3228,138.8433,-105.7016,5.0000,11.0000,1.3135,626,600,386,566,544.5000
124,SMACross,8,11,-0.3597,41.1693,139.0000,50.0000,89.0000,0.3597,146.5788,-120.8957,4.0000,14.0000,1.2124,601,585,215,581,495.5000
125,SMACross,8,12,-0.3278,37.8818,112.0000,38.0000,74.0000,0.3393,161.0729,-124.6577,3.0000,8.0000,1.2921,590,560,311,573,508.5000
126,SMACross,8,13,-0.3539,41.6598,103.0000,30.0000,73.0000,0.2913,210.5730,-132.7248,3.0000,11.0000,1.5865,599,587,549,504,559.7500
127,SMACross,8,14,-0.3226,38.7321,94.0000,30.0000,64.0000,0.3191,225.1631,-153.2119,4.0000,11.0000,1.4696,587,569,408,539,525.7500
128,SMACross,8,15,-0.2588,39.1167,86.0000,27.0000,59.0000,0.3140,265.1296,-161.9376,4.0000,9.0000,1.6372,567,575,442,489,518.2500
129,SMACross,8,16,-0.2017,34.3847,82.0000,26.0000,56.0000,0.3171,276.4136,-160.6699,4.0000,10.0000,1.7204,557,472,418,455,475.5000
130,SMACross,8,17,-0.1221,29.8499,72.0000,27.0000,45.0000,0.3750,250.0568,-172.1143,4.0000,6.0000,1.4529,479,336,164,544,380.7500
131,SMACross,8,18,-0.0515,25.4001,67.0000,24.0000,43.0000,0.3582,282.9330,-164.1689,4.0000,7.0000,1.7234,400,226,220,452,324.5000
132,SMACross,8,19,0.0713,19.3772,61.0000,22.0000,39.0000,0.3607,319.3623,-154.7501,3.0000,7.0000,2.0637,172,100,209,306,196.7500
133,SMACross,8,20,0.0707,18.9298,56.0000,23.0000,33.0000,0.4107,305.6106,-183.1706,3.0000,6.0000,1.6684,173,91,78,475,204.2500
134,SMACross,8,21,0.0911,19.7527,53.0000,20.0000,33.0000,0.3774,345.8909,-173.4699,3.0000,5.0000,1.9940,142,107,158,340,186.7500
135,SMACross,8,22,0.0318,20.6087,52.0000,21.0000,31.0000,0.4038,297.7589,-182.8404,3.0000,5.0000,1.6285,257,126,84,491,239.5000
136,SMACross,8,23,0.0875,19.7925,50.0000,21.0000,29.0000,0.4200,317.5252,-190.0526,3.0000,5.0000,1.6707,147,108,64,473,198.0000
137,SMACross,8,24,0.2102,17.3264,50.0000,19.0000,31.0000,0.3800,388.1751,-159.7547,2.0000,5.0000,2.4298,30,54,145,111,85.0000
138,SMACross,8,25,0.1876,15.6756,48.0000,17.0000,31.0000,0.3542,409.6620,-154.2253,2.0000,4.0000,2.6563,41,35,237,49,90.5000
139,SMACross,8,26,0.0890,19.5332,49.0000,16.0000,33.0000,0.3265,413.7688,-165.1497,2.0000,4.0000,2.5054,145,104,362,86,174.2500
140,SMACross,8,27,0.1084,17.3736,48.0000,16.0000,32.0000,0.3333,384.9748,-158.5988,2.0000,6.0000,2.4273,105,55,318,112,147.5000
141,SMACross,8,28,0.1438,18.7619,45.0000,16.0000,29.0000,0.3556,398.0654,-170.0247,3.0000,5.0000,2.3412,73,86,230,148,134.2500
142,SMACross,8,29,0.1384,18.4062,44.0000,14.0000,30.0000,0.3182,453.0339,-166.9283,2.0000,5.0000,2.7139,77,71,412,41,150.2500
143,SMACross,8,30,0.1900,19.3383,43.0000,15.0000,28.0000,0.3488,423.2579,-160.7411,3.0000,6.0000,2.6332,39,98,258,59,113.5000
144,SMACross,8,31,0.1804,20.2476,42.0000,15.0000,27.0000,0.3571,393.7242,-153.8319,3.0000,6.0000,2.5594,50,119,223,77,117.2500
145,SMACross,8,32,0.0468,28.6173,43.0000,16.0000,27.0000,0.3721,359.0297,-197.1020,3.0000,6.0000,1.8215,225,308,177,419,282.2500
146,SMACross,8,33,0.0640,28.2510,42.0000,15.0000,27.0000,0.3571,393.1941,-196.4507,4.0000,7.0000,2.0015,186,295,223,335,259.7500
147,SMACross,8,34,0.0475,28.5711,41.0000,16.0000,25.0000,0.3902,365.4210,-216.7044,4.0000,7.0000,1.6863,224,303,111,469,276.7500
148,SMACross,8,35,0.0583,28.8963,40.0000,15.0000,25.0000,0.3750,397.6325,-217.0977,4.0000,6.0000,1.8316,202,318,164,413,274.2500
149,SMACross,8,36,0.0165,29.1961,42.0000,15.0000,27.0000,0.3571,375.8658,-204.3228,4.0000,6.0000,1.8396,278,324,223,411,309.0000
150,SMACross,8,37,-0.0107,30.8282,39.0000,15.0000,24.0000,0.3846,369.3365,-237.0682,4.0000,5.0000,1.5579,339,364,126,518,336.7500
151,SMACross,8,38,0.0168,31.0174,41.0000,15.0000,26.0000,0.3659,404.6648,-228.6965,3.0000,6.0000,1.7694,277,367,195,444,320.7500
152,SMACross,8,39,-0.0310,31.3677,38.0000,11.0000,27.0000,0.2895,487.5457,-212.8999,2.0000,6.0000,2.2900,371,378,557,178,371.0000
153,SMACross,8,40,-0.0569,32.8399,36.0000,10.0000,26.0000,0.2778,506.2366,-218.1530,2.0000,7.0000,2.3206,406,417,585,164,393.0000
154,SMACross,8,41,-0.0226,31.9660,34.0000,10.0000,24.0000,0.2941,525.6125,-231.6013,2.0000,7.0000,2.2695,354,393,537,193,369.2500
155,SMACross,8,42,0.0091,31.6840,33.0000,10.0000,23.0000,0.3030,581.2015,-252.1406,2.0000,6.0000,2.3051,296,386,491,172,336.2500
156,SMACross,8,43,0.0276,30.8556,33.0000,10.0000,23.0000,0.3030,586.9073,-246.6544,2.0000,6.0000,2.3795,259,365,491,127,310.5000
157,SMACross,8,44,0.0460,30.5072,32.0000,10.0000,22.0000,0.3125,586.4992,-249.3526,2.0000,6.0000,2.3521,227,352,443,141,290.7500
158,SMACross,8,45,0.0492,29.2121,31.0000,11.0000,20.0000,0.3548,525.4875,-268.5037,3.0000,6.0000,1.9571,217,325,231,358,282.7500
159,SMACross,8,46,-0.0115,33.7379,34.0000,10.0000,24.0000,0.2941,568.5820,-244.8873,3.0000,9.0000,2.3218,341,450,537,162,372.5000
160,SMACross,8,47,0.0439,29.0945,33.0000,11.0000,22.0000,0.3333,509.0249,-238.2593,3.0000,8.0000,2.1364,236,321,318,261,284.0000
161,SMACross,8,48,0.0451,29.2906,31.0000,10.0000,21.0000,0.3226,557.4322,-247.8208,3.0000,7.0000,2.2493,232,328,387,208,288.7500
162,SMACross,8,49,0.0100,30.0720,31.0000,10.0000,21.0000,0.3226,538.1582,-255.2536,3.0000,7.0000,2.1083,294,344,387,275,325.0000
163,SMACross,8,50,0.0001,30.7093,30.0000,10.0000,20.0000,0.3333,514.5249,-261.0744,3.0000,7.0000,1.9708,310,356,318,351,333.7500
164,SMACross,9,10,-0.5104,52.9838,212.0000,72.0000,140.0000,0.3396,97.9011,-86.8054,4.0000,13.0000,1.1278,649,601,310,586,536.5000
165,SMACross,9,11,-0.4291,46.4122,148.0000,54.0000,94.0000,0.3649,116.2942,-110.8830,4.0000,12.0000,1.0488,629,597,202,590,504.5000
166,SMACross,9,12,-0.3872,44.0602,130.0000,43.0000,87.0000,0.3308,146.9925,-115.2864,4.0000,12.0000,1.2750,608,595,353,577,533.2500
167,SMACross,9,13,-0.4178,46.9721,108.0000,33.0000,75.0000,0.3056,186.8052,-135.8446,3.0000,12.0000,1.3751,622,598,475,554,562.2500
168,SMACross,9,14,-0.2934,36.7577,96.0000,27.0000,69.0000,0.2812,244.1658,-135.3459,4.0000,12.0000,1.8040,581,538,578,428,531.2500
169,SMACross,9,15,-0.2238,37.2074,88.0000,33.0000,55.0000,0.3750,220.0409,-168.9769,4.0000,7.0000,1.3022,562,544,164,572,460.5000
170,SMACross,9,16,-0.1672,33.3905,80.0000,30.0000,50.0000,0.3750,256.6169,-182.9882,3.0000,6.0000,1.4024,537,436,164,552,422.2500
171,SMACross,9,17,-0.0724,29.0280,75.0000,31.0000,44.0000,0.4133,232.1023,-174.3941,3.0000,6.0000,1.3309,421,320,76,562,344.7500
172,SMACross,9,18,0.0480,20.3654,64.0000,28.0000,36.0000,0.4375,254.2474,-176.7011,3.0000,4.0000,1.4389,221,121,54,545,235.2500
173,SMACross,9,19,0.0844,19.2900,60.0000,22.0000,38.0000,0.3667,329.9622,-161.2495,3.0000,6.0000,2.0463,151,96,190,314,187.7500
174,SMACross,9,20,0.0759,20.5892,57.0000,19.0000,38.0000,0.3333,394.4389,-169.7403,2.0000,6.0000,2.3238,165,125,318,161,192.2500
175,SMACross,9,21,0.0575,21.7194,55.0000,18.0000,37.0000,0.3273,361.0355,-152.5044,2.0000,7.0000,2.3674,203,145,357,136,210.2500
176,SMACross,9,22,0.0749,19.3920,54.0000,18.0000,36.0000,0.3333,367.3008,-154.9140,2.0000,6.0000,2.3710,167,102,318,134,180.2500
177,SMACross,9,23,0.1849,15.0148,48.0000,17.0000,31.0000,0.3542,408.3926,-154.1740,2.0000,6.0000,2.6489,45,30,237,52,91.0000
178,SMACross,9,24,0.2029,15.5810,49.0000,19.0000,30.0000,0.3878,368.4159,-155.0717,2.0000,6.0000,2.3758,32,33,115,133,78.2500
179,SMACross,9,25,0.2269,15.0148,47.0000,18.0000,29.0000,0.3830,381.2301,-147.1478,2.0000,5.0000,2.5908,24,29,135,69,64.2500
180,SMACross,9,26,0.1809,16.7052,48.0000,18.0000,30.0000,0.3750,353.4076,-141.3109,2.0000,5.0000,2.5009,49,43,164,88,86.0000
181,SMACross,9,27,0.1287,18.9432,45.0000,17.0000,28.0000,0.3778,351.0406,-168.9080,2.0000,4.0000,2.0783,84,92,155,299,157.5000
182,SMACross,9,28,0.1850,19.8178,43.0000,17.0000,26.0000,0.3953,397.8822,-189.0139,3.0000,4.0000,2.1050,44,111,102,280,134.2500
183,SMACross,9,29,0.1168,21.1947,41.0000,15.0000,26.0000,0.3659,376.3839,-174.0898,3.0000,4.0000,2.1620,95,134,195,253,169.2500
184,SMACross,9,30,0.1154,22.8156,41.0000,15.0000,26.0000,0.3659,362.0673,-166.3541,3.0000,7.0000,2.1765,97,166,195,242,175.0000
185,SMACross,9,31,0.1766,21.5929,40.0000,15.0000,25.0000,0.3750,388.9288,-164.7515,4.0000,7.0000,2.3607,53,142,164,137,124.0000
186,SMACross,9,32,0.1516,23.4388,41.0000,15.0000,26.0000,0.3659,389.2847,-169.7063,4.0000,8.0000,2.2939,66,184,195,177,155.5000
187,SMACross,9,33,-0.0234,33.5583,41.0000,13.0000,28.0000,0.3171,412.1677,-202.4414,3.0000,8.0000,2.0360,356,441,418,321,384.0000
188,SMACross,9,34,-0.0276,32.1400,40.0000,13.0000,27.0000,0.3250,406.2619,-208.6450,3.0000,7.0000,1.9471,364,397,367,367,373.7500
189,SMACross,9,35,-0.0362,33.6303,40.0000,12.0000,28.0000,0.3000,454.9019,-210.5695,2.0000,7.0000,2.1603,377,448,507,254,396.5000
190,SMACross,9,36,-0.0143,33.2133,37.0000,12.0000,25.0000,0.3243,466.9817,-232.9411,2.0000,6.0000,2.0047,344,428,373,334,369.7500
191,SMACross,9,37,-0.0380,33.5989,39.0000,12.0000,27.0000,0.3077,460.9501,-221.7197,2.0000,6.0000,2.0790,381,445,467,298,397.7500
192,SMACross,9,38,-0.0377,34.5240,36.0000,12.0000,24.0000,0.3333,458.7629,-248.1922,2.0000,6.0000,1.8484,379,478,318,405,395.0000
193,SMACross,9,39,-0.0725,35.5218,36.0000,11.0000,25.0000,0.3056,487.3294,-246.2951,2.0000,7.0000,1.9786,423,511,475,344,438.2500
194,SMACross,9,40,-0.0499,33.7584,35.0000,10.0000,25.0000,0.2857,519.0522,-230.5469,2.0000,7.0000,2.2514,395,452,563,207,404.2500
195,SMACross,9,41,-0.0224,33.5199,34.0000,10.0000,24.0000,0.2941,549.7415,-241.5391,2.0000,7.0000,2.2760,353,440,537,188,379.5000
196,SMACross,9,42,-0.0429,34.5380,34.0000,10.0000,24.0000,0.2941,534.6737,-243.7513,2.0000,6.0000,2.1935,384,479,537,236,409.0000
197,SMACross,9,43,-0.0179,32.4760,33.0000,10.0000,23.0000,0.3030,537.3357,-244.7148,2.0000,6.0000,2.1958,347,406,491,235,369.7500
198,SMACross,9,44,0.0188,31.6831,31.0000,10.0000,21.0000,0.3226,550.6128,-257.0101,2.0000,5.0000,2.1424,273,385,387,259,326.0000
199,SMACross,9,45,-0.0006,32.1481,31.0000,11.0000,20.0000,0.3548,497.0374,-277.5379,3.0000,5.0000,1.7909,325,398,231,432,346.5000
200,SMACross,9,46,-0.0256,33.6152,31.0000,10.0000,21.0000,0.3226,529.1304,-267.7639,3.0000,6.0000,1.9761,360,447,387,349,385.7500
201,SMACross,9,47,-0.0042,32.4109,32.0000,11.0000,21.0000,0.3438,500.0064,-265.5009,3.0000,7.0000,1.8833,332,403,279,389,350.7500
202,SMACross,9,48,-0.0271,32.9266,32.0000,10.0000,22.0000,0.3125,535.3051,-257.1182,3.0000,7.0000,2.0819,363,420,443,294,380.0000
203,SMACross,9,49,0.0566,27.0253,32.0000,10.0000,22.0000,0.3125,530.2436,-216.9075,3.0000,7.0000,2.4446,207,264,443,104,254.5000
204,SMACross,9,50,0.0105,30.7537,30.0000,12.0000,18.0000,0.4000,438.7568,-288.5743,3.0000,4.0000,1.5204,292,360,86,526,316.0000
205,SMACross,10,10,0.0000,0.0000,,,,,,,,,,312,1,646,646,401.2500
206,SMACross,10,11,-0.4080,46.0213,206.0000,65.0000,141.0000,0.3155,112.3967,-80.0096,4.0000,9.0000,1.4048,614,596,436,550,549.0000
207,SMACross,10,12,-0.3669,42.1994,141.0000,47.0000,94.0000,0.3333,143.6766,-109.0789,4.0000,9.0000,1.3172,603,589,318,565,518.7500
208,SMACross,10,13,-0.2367,34.8862,121.0000,38.0000,83.0000,0.3140,215.3170,-125.0214,5.0000,10.0000,1.7222,563,488,441,453,486.2500
209,SMACross,10,14,-0.1497,33.0869,103.0000,35.0000,68.0000,0.3398,236.1212,-140.7141,3.0000,7.0000,1.6780,513,424,308,471,429.0000
210,SMACross,10,15,-0.0950,34.3245,91.0000,35.0000,56.0000,0.3846,235.0503,-160.2124,3.0000,7.0000,1.4671,447,471,126,541,396.2500
211,SMACross,10,16,-0.0598,29.2569,83.0000,35.0000,48.0000,0.4217,240.0545,-183.0706,3.0000,6.0000,1.3113,410,327,63,568,342.0000
212,SMACross,10,17,0.0049,25.5598,80.0000,36.0000,44.0000,0.4500,213.8115,-167.7630,4.0000,6.0000,1.2745,299,232,48,578,289.2500
213,SMACross,10,18,0.1031,21.0958,70.0000,25.0000,45.0000,0.3571,330.0399,-153.9474,3.0000,6.0000,2.1438,116,132,223,258,182.2500
214,SMACross,10,19,0.0988,23.8522,58.0000,20.0000,38.0000,0.3448,390.3794,-171.7892,2.0000,6.0000,2.2724,123,191,271,191,194.0000
215,SMACross,10,20,0.0001,25.3448,60.0000,19.0000,41.0000,0.3167,379.8889,-170.4970,2.0000,6.0000,2.2281,311,225,423,216,293.7500
216,SMACross,10,21,0.0744,17.4156,56.0000,18.0000,38.0000,0.3214,406.3039,-166.4794,2.0000,5.0000,2.4406,169,56,402,106,183.2500
217,SMACross,10,22,0.0517,19.8031,53.0000,16.0000,37.0000,0.3019,395.8283,-150.7721,2.0000,6.0000,2.6253,212,109,505,61,221.7500
218,SMACross,10,23,0.0870,18.8647,52.0000,19.0000,33.0000,0.3654,345.2349,-164.9653,2.0000,5.0000,2.0928,148,89,200,286,180.7500
219,SMACross,10,24,0.1336,18.8647,49.0000,19.0000,30.0000,0.3878,348.4759,-167.6153,2.0000,5.0000,2.0790,81,87,115,297,145.0000
220,SMACross,10,25,0.1284,18.8647,47.0000,18.0000,29.0000,0.3830,347.8834,-162.8554,2.0000,5.0000,2.1361,86,88,135,262,142.7500
221,SMACross,10,26,0.1799,18.8647,46.0000,18.0000,28.0000,0.3913,368.9249,-163.4009,2.0000,5.0000,2.2578,51,90,109,202,113.0000
222,SMACross,10,27,0.1839,20.4795,46.0000,15.0000,31.0000,0.3261,457.8759,-155.5339,2.0000,5.0000,2.9439,47,123,363,16,137.2500
223,SMACross,10,28,0.0452,26.3183,42.0000,13.0000,29.0000,0.3095,418.4068,-174.7921,3.0000,7.0000,2.3937,231,250,460,123,266.0000
224,SMACross,10,29,0.0924,25.7939,42.0000,13.0000,29.0000,0.3095,443.3523,-169.8125,3.0000,7.0000,2.6108,136,236,460,66,224.5000
225,SMACross,10,30,0.0810,27.6693,40.0000,13.0000,27.0000,0.3250,439.5762,-184.7643,3.0000,7.0000,2.3791,157,281,367,128,233.2500
226,SMACross,10,31,0.1007,24.7514,41.0000,13.0000,28.0000,0.3171,439.9350,-171.3279,3.0000,7.0000,2.5678,121,210,418,75,206.0000
227,SMACross,10,32,0.0763,25.6875,42.0000,14.0000,28.0000,0.3333,409.8621,-180.6596,3.0000,6.0000,2.2687,164,235,318,194,227.7500
228,SMACross,10,33,0.1031,25.3079,40.0000,13.0000,27.0000,0.3250,454.8878,-184.0152,2.0000,6.0000,2.4720,115,223,367,97,200.5000
229,SMACross,10,34,0.0506,26.5327,38.0000,12.0000,26.0000,0.3158,474.1987,-202.5561,2.0000,6.0000,2.3411,215,252,424,149,260.0000
230,SMACross,10,35,0.0264,28.1701,38.0000,12.0000,26.0000,0.3158,477.1986,-213.1670,2.0000,6.0000,2.2386,260,293,424,214,297.7500
231,SMACross,10,36,0.0481,27.7313,38.0000,12.0000,26.0000,0.3158,490.2225,-209.1262,2.0000,6.0000,2.3441,220,283,424,147,268.5000
232,SMACross,10,37,0.0386,27.5313,38.0000,12.0000,26.0000,0.3158,489.8521,-212.5698,2.0000,6.0000,2.3044,246,277,424,173,280.0000
233,SMACross,10,38,-0.0613,36.0391,38.0000,12.0000,26.0000,0.3158,484.1023,-248.2205,2.0000,6.0000,1.9503,411,522,424,364,430.2500
234,SMACross,10,39,-0.0422,35.4737,34.0000,11.0000,23.0000,0.3235,516.1784,-266.6186,2.0000,6.0000,1.9360,382,508,381,373,411.0000
235,SMACross,10,40,-0.0450,35.6517,35.0000,10.0000,25.0000,0.2857,555.2803,-241.4030,2.0000,8.0000,2.3002,389,514,563,175,410.2500
236,SMACross,10,41,-0.0764,37.8992,35.0000,10.0000,25.0000,0.2857,547.3116,-250.7190,2.0000,7.0000,2.1830,428,561,563,241,448.2500
237,SMACross,10,42,-0.0593,36.1872,33.0000,10.0000,23.0000,0.3030,546.8044,-264.9013,2.0000,5.0000,2.0642,409,528,491,304,433.0000
238,SMACross,10,43,-0.0372,34.4666,31.0000,10.0000,21.0000,0.3226,550.1840,-281.2596,2.0000,5.0000,1.9561,378,475,387,360,400.0000
239,SMACross,10,44,-0.0496,34.5228,31.0000,10.0000,21.0000,0.3226,521.2947,-273.3566,2.0000,5.0000,1.9070,394,477,387,380,409.5000
240,SMACross,10,45,-0.0708,34.1107,33.0000,10.0000,23.0000,0.3030,492.1811,-246.1287,2.0000,5.0000,1.9997,418,465,491,337,427.7500
241,SMACross,10,46,-0.1052,36.3247,30.0000,10.0000,20.0000,0.3333,471.9810,-290.1137,3.0000,5.0000,1.6269,457,531,318,492,449.5000
242,SMACross,10,47,-0.1111,36.3831,33.0000,10.0000,23.0000,0.3030,474.7842,-256.0229,3.0000,7.0000,1.8545,466,533,491,399,472.2500
243,SMACross,10,48,0.0861,27.1242,31.0000,12.0000,19.0000,0.3871,443.2234,-236.5291,3.0000,5.0000,1.8739,150,268,118,393,232.2500
244,SMACross,10,49,0.1038,26.9553,31.0000,13.0000,18.0000,0.4194,435.3866,-258.8343,3.0000,4.0000,1.6821,112,260,66,470,227.0000
245,SMACross,10,50,0.0656,27.0238,31.0000,12.0000,19.0000,0.3871,437.0044,-243.3749,3.0000,4.0000,1.7956,181,263,118,430,248.0000
246,SMACross,11,10,-0.3465,60.5689,207.0000,92.0000,115.0000,0.4444,87.7534,-100.3356,4.0000,6.0000,0.8746,597,643,50,592,470.5000
247,SMACross,11,11,0.0000,0.0000,,,,,,,,,,312,1,646,646,401.2500
248,SMACross,11,12,-0.3366,41.5923,204.0000,70.0000,134.0000,0.3431,115.7964,-85.6119,4.0000,15.0000,1.3526,595,586,287,558,506.5000
249,SMACross,11,13,-0.1174,27.8585,135.0000,52.0000,83.0000,0.3852,170.3963,-118.4929,5.0000,11.0000,1.4380,474,286,125,546,357.7500
250,SMACross,11,14,-0.1565,33.4182,115.0000,43.0000,72.0000,0.3739,195.6694,-136.1485,7.0000,7.0000,1.4372,524,437,172,547,420.0000
251,SMACross,11,15,-0.1404,33.5910,97.0000,38.0000,59.0000,0.3918,218.1826,-161.2805,7.0000,9.0000,1.3528,502,444,108,557,402.7500
252,SMACross,11,16,0.0574,27.2813,89.0000,38.0000,51.0000,0.4270,231.3750,-156.8157,7.0000,8.0000,1.4755,204,271,58,535,267.0000
253,SMACross,11,17,0.0722,22.1021,80.0000,27.0000,53.0000,0.3375,300.1329,-135.0540,3.0000,8.0000,2.2223,170,151,315,221,214.2500
254,SMACross,11,18,0.1606,20.4517,73.0000,27.0000,46.0000,0.3699,310.5993,-147.3930,3.0000,7.0000,2.1073,62,122,183,278,161.2500
255,SMACross,11,19,0.1870,20.1730,64.0000,22.0000,42.0000,0.3438,357.7469,-136.4720,2.0000,7.0000,2.6214,42,117,279,62,125.0000
256,SMACross,11,20,0.1179,20.0092,62.0000,18.0000,44.0000,0.2903,400.4913,-131.3032,3.0000,7.0000,3.0501,93,115,551,8,191.7500
257,SMACross,11,21,0.1794,16.5303,57.0000,21.0000,36.0000,0.3684,357.0525,-151.6080,4.0000,6.0000,2.3551,52,42,185,140,104.7500
258,SMACross,11,22,0.2411,15.0147,51.0000,18.0000,33.0000,0.3529,382.6078,-127.7872,3.0000,7.0000,2.9941,22,25,242,13,75.5000
259,SMACross,11,23,0.2469,15.0147,52.0000,17.0000,35.0000,0.3269,411.5330,-129.3448,2.0000,5.0000,3.1817,17,26,359,5,101.7500
260,SMACross,11,24,0.1888,15.0147,52.0000,17.0000,35.0000,0.3269,396.6238,-138.7128,2.0000,5.0000,2.8593,40,22,359,26,111.7500
261,SMACross,11,25,0.2272,15.0147,50.0000,18.0000,32.0000,0.3600,389.2538,-139.9408,2.0000,4.0000,2.7816,23,28,211,32,73.5000
262,SMACross,11,26,0.3965,15.0147,46.0000,17.0000,29.0000,0.3696,484.8600,-137.4583,2.0000,4.0000,3.5273,1,22,184,3,52.5000
263,SMACross,11,27,0.2421,21.3965,47.0000,17.0000,30.0000,0.3617,415.0546,-154.4880,2.0000,5.0000,2.6866,21,139,206,44,102.5000
264,SMACross,11,28,0.1447,21.8769,46.0000,15.0000,31.0000,0.3261,416.5870,-154.9014,3.0000,6.0000,2.6894,72,147,363,43,156.2500
265,SMACross,11,29,0.1174,25.1311,41.0000,13.0000,28.0000,0.3171,449.5522,-169.8906,3.0000,6.0000,2.6461,94,218,418,53,195.7500
266,SMACross,11,30,0.0880,25.5293,40.0000,13.0000,27.0000,0.3250,439.4129,-180.3390,3.0000,6.0000,2.4366,146,231,367,108,213.0000
267,SMACross,11,31,0.0932,24.2442,38.0000,13.0000,25.0000,0.3421,432.8852,-189.2785,2.0000,5.0000,2.2870,134,199,290,180,200.7500
268,SMACross,11,32,0.1212,23.1953,40.0000,12.0000,28.0000,0.3000,486.3181,-166.4798,2.0000,7.0000,2.9212,92,180,507,19,199.5000
269,SMACross,11,33,0.1233,22.5380,39.0000,13.0000,26.0000,0.3333,441.6862,-174.8555,2.0000,5.0000,2.5260,90,161,318,82,162.7500
270,SMACross,11,34,0.0607,25.4771,39.0000,13.0000,26.0000,0.3333,432.7693,-194.4285,2.0000,5.0000,2.2259,191,228,318,218,238.7500
271,SMACross,11,35,0.0397,27.9168,38.0000,12.0000,26.0000,0.3158,479.6320,-207.4333,2.0000,6.0000,2.3122,243,290,424,168,281.2500
272,SMACross,11,36,0.0976,25.9612,38.0000,13.0000,25.0000,0.3421,469.7323,-206.7104,3.0000,6.0000,2.2724,125,240,290,192,211.7500
273,SMACross,11,37,0.0699,26.9127,37.0000,12.0000,25.0000,0.3243,506.0549,-216.3665,3.0000,5.0000,2.3389,176,257,373,150,239.0000
274,SMACross,11,38,0.0596,27.3206,37.0000,12.0000,25.0000,0.3243,491.0223,-213.2825,3.0000,5.0000,2.3022,196,272,373,174,253.7500
275,SMACross,11,39,0.0798,26.4616,36.0000,11.0000,25.0000,0.3056,513.6214,-195.5183,3.0000,5.0000,2.6270,158,251,475,60,236.0000
276,SMACross,11,40,0.0648,26.2016,33.0000,10.0000,23.0000,0.3030,565.4334,-219.2093,2.0000,5.0000,2.5794,183,247,491,71,248.0000
277,SMACross,11,41,-0.0840,35.1738,31.0000,9.0000,22.0000,0.2903,553.5528,-266.0254,2.0000,5.0000,2.0808,432,498,551,296,444.2500
278,SMACross,11,42,-0.0971,34.9043,32.0000,10.0000,22.0000,0.3125,474.1962,-261.0407,2.0000,5.0000,1.8166,449,490,443,423,451.2500
279,SMACross,11,43,-0.0688,33.4956,31.0000,10.0000,21.0000,0.3226,484.5976,-265.0211,2.0000,5.0000,1.8285,417,439,387,414,414.2500
280,SMACross,11,44,-0.0857,33.5852,30.0000,11.0000,19.0000,0.3667,435.5769,-292.9721,3.0000,4.0000,1.4868,436,442,190,531,399.7500
281,SMACross,11,45,-0.0112,30.3042,30.0000,11.0000,19.0000,0.3667,450.6443,-262.1695,3.0000,4.0000,1.7189,340,348,190,456,333.5000
282,SMACross,11,46,-0.0540,34.1899,30.0000,11.0000,19.0000,0.3667,436.6893,-276.8118,3.0000,5.0000,1.5776,402,468,190,509,392.2500
283,SMACross,11,47,0.0157,29.5452,30.0000,12.0000,18.0000,0.4000,414.6409,-262.6721,3.0000,4.0000,1.5785,280,332,86,508,301.5000
284,SMACross,11,48,-0.0716,33.3341,30.0000,9.0000,21.0000,0.3000,512.5877,-249.8139,3.0000,6.0000,2.0519,420,431,507,310,417.0000
285,SMACross,11,49,-0.0183,30.0311,30.0000,9.0000,21.0000,0.3000,531.4027,-232.2926,3.0000,5.0000,2.2876,348,342,507,179,344.0000
286,SMACross,11,50,-0.0238,29.7304,32.0000,11.0000,21.0000,0.3438,424.9995,-229.8112,2.0000,5.0000,1.8493,358,334,279,404,343.7500
287,SMACross,12,10,-0.2124,59.8897,142.0000,74.0000,68.0000,0.5211,99.0553,-139.0251,6.0000,6.0000,0.7125,560,635,27,597,454.7500
288,SMACross,12,11,-0.4132,63.9516,204.0000,85.0000,119.0000,0.4167,82.9028,-93.0700,6.0000,10.0000,0.8908,617,653,71,591,483.0000
289,SMACross,12,12,0.0000,0.0000,,,,,,,,,,312,1,646,646,401.2500
290,SMACross,12,13,-0.1426,32.4423,186.0000,66.0000,120.0000,0.3548,144.1792,-89.5696,5.0000,8.0000,1.6097,505,405,231,497,409.5000
291,SMACross,12,14,-0.0999,33.9433,125.0000,46.0000,79.0000,0.3680,185.7953,-118.4457,7.0000,8.0000,1.5686,451,459,188,512,402.5000
292,SMACross,12,15,-0.0729,30.7561,113.0000,40.0000,73.0000,0.3540,209.7784,-122.7065,5.0000,7.0000,1.7096,425,361,241,460,371.7500
293,SMACross,12,16,0.0438,27.6203,91.0000,34.0000,57.0000,0.3736,226.8621,-124.4263,6.0000,9.0000,1.8233,237,280,174,418,277.2500
294,SMACross,12,17,0.0617,26.1102,86.0000,29.0000,57.0000,0.3372,260.3702,-118.3770,3.0000,10.0000,2.1995,189,246,317,230,245.5000
295,SMACross,12,18,0.1819,20.5731,76.0000,25.0000,51.0000,0.3289,320.2496,-121.3274,3.0000,7.0000,2.6395,48,124,354,57,145.7500
296,SMACross,12,19,0.1616,17.7840,68.0000,22.0000,46.0000,0.3235,341.0901,-123.5667,2.0000,7.0000,2.7604,61,59,381,35,134.0000
297,SMACross,12,20,0.1744,17.1765,64.0000,21.0000,43.0000,0.3281,356.9571,-128.0661,2.0000,7.0000,2.7873,56,51,356,31,123.5000
298,SMACross,12,21,0.1148,16.9683,60.0000,18.0000,42.0000,0.3000,402.5834,-140.5355,2.0000,7.0000,2.8646,100,46,507,25,169.5000
299,SMACross,12,22,0.2142,15.0147,55.0000,18.0000,37.0000,0.3273,443.0048,-151.8607,2.0000,6.0000,2.9172,29,26,357,20,108.0000
300,SMACross,12,23,0.2846,15.0147,48.0000,19.0000,29.0000,0.3958,354.7075,-134.2447,3.0000,5.0000,2.6422,9,24,101,55,47.2500
301,SMACross,12,24,0.1968,15.0145,49.0000,17.0000,32.0000,0.3469,390.5913,-139.4423,2.0000,5.0000,2.8011,35,21,265,29,87.5000
302,SMACross,12,25,0.2792,15.7594,47.0000,18.0000,29.0000,0.3830,427.1240,-161.0749,3.0000,7.0000,2.6517,10,36,135,50,57.7500
303,SMACross,12,26,0.2981,17.6658,43.0000,14.0000,29.0000,0.3256,519.8816,-140.3234,2.0000,5.0000,3.7049,7,57,365,1,107.5000
304,SMACross,12,27,0.2463,21.3962,44.0000,13.0000,31.0000,0.2955,558.1510,-154.5962,2.0000,6.0000,3.6104,18,138,534,2,173.0000
305,SMACross,12,28,0.0815,25.1749,45.0000,13.0000,32.0000,0.2889,442.1884,-154.1846,3.0000,6.0000,2.8679,155,219,562,24,240.0000
306,SMACross,12,29,0.1025,22.1048,43.0000,12.0000,31.0000,0.2791,470.3032,-150.1740,2.0000,6.0000,3.1317,119,152,582,7,215.0000
307,SMACross,12,30,0.0599,23.8911,42.0000,13.0000,29.0000,0.3095,410.6658,-164.6733,3.0000,6.0000,2.4938,195,193,460,91,234.7500
308,SMACross,12,31,0.1038,23.0999,37.0000,12.0000,25.0000,0.3243,479.3152,-190.0370,2.0000,5.0000,2.5222,113,174,373,84,186.0000
309,SMACross,12,32,0.1243,23.1397,37.0000,12.0000,25.0000,0.3243,493.2437,-188.5476,2.0000,5.0000,2.6160,89,178,373,64,176.0000
310,SMACross,12,33,0.1033,24.0342,38.0000,13.0000,25.0000,0.3421,452.2826,-195.3568,3.0000,5.0000,2.3152,114,197,290,166,191.7500
311,SMACross,12,34,0.0498,26.1072,38.0000,12.0000,26.0000,0.3158,492.6927,-204.6287,2.0000,6.0000,2.4077,216,245,424,118,250.7500
312,SMACross,12,35,0.0830,25.4804,38.0000,13.0000,25.0000,0.3421,481.1296,-213.1218,3.0000,6.0000,2.2575,153,229,290,203,218.7500
313,SMACross,12,36,0.0914,24.7056,38.0000,14.0000,24.0000,0.3684,440.2703,-214.6641,3.0000,5.0000,2.0510,141,207,185,311,211.0000
314,SMACross,12,37,0.0323,26.0780,38.0000,12.0000,26.0000,0.3158,474.1427,-202.8606,3.0000,5.0000,2.3373,256,242,424,153,268.7500
315,SMACross,12,38,0.0444,24.9431,38.0000,12.0000,26.0000,0.3158,462.1873,-192.6648,3.0000,5.0000,2.3989,234,212,424,120,247.5000
316,SMACross,12,39,-0.0024,27.3381,39.0000,10.0000,29.0000,0.2564,541.0750,-184.3356,3.0000,9.0000,2.9353,329,273,623,17,310.5000
317,SMACross,12,40,-0.1070,34.9179,34.0000,9.0000,25.0000,0.2647,557.8331,-240.4150,2.0000,8.0000,2.3203,460,492,614,165,432.7500
318,SMACross,12,41,-0.1464,35.7887,32.0000,9.0000,23.0000,0.2812,499.2242,-255.6716,2.0000,7.0000,1.9526,508,516,578,363,491.2500
319,SMACross,12,42,-0.1011,34.7963,33.0000,9.0000,24.0000,0.2727,520.2481,-233.8632,2.0000,7.0000,2.2246,452,483,598,219,438.0000
320,SMACross,12,43,-0.1031,34.8214,33.0000,9.0000,24.0000,0.2727,518.8305,-234.1984,2.0000,7.0000,2.2153,454,484,598,226,440.5000
321,SMACross,12,44,-0.0729,32.8830,31.0000,10.0000,21.0000,0.3226,467.5875,-253.4576,3.0000,5.0000,1.8448,426,419,387,409,410.2500
322,SMACross,12,45,-0.0500,30.7573,32.0000,10.0000,22.0000,0.3125,455.2253,-225.7879,3.0000,5.0000,2.0162,396,362,443,328,382.2500
323,SMACross,12,46,-0.1092,34.2907,32.0000,10.0000,22.0000,0.3125,439.1948,-245.6749,3.0000,5.0000,1.7877,464,470,443,436,453.2500
324,SMACross,12,47,-0.0058,28.0675,31.0000,10.0000,21.0000,0.3226,459.2310,-217.2239,3.0000,6.0000,2.1141,335,291,387,274,321.7500
325,SMACross,12,48,-0.0132,28.5026,31.0000,12.0000,19.0000,0.3871,411.9368,-262.4685,3.0000,4.0000,1.5695,342,301,118,511,318.0000
326,SMACross,12,49,-0.0056,28.8696,31.0000,10.0000,21.0000,0.3226,465.7824,-220.2491,2.0000,4.0000,2.1148,334,317,387,273,327.7500
327,SMACross,12,50,-0.0295,28.3336,29.0000,9.0000,20.0000,0.3103,487.2813,-229.7181,2.0000,5.0000,2.1212,367,299,458,268,348.0000
328,SMACross,13,10,-0.2927,57.7418,121.0000,67.0000,54.0000,0.5537,96.7900,-174.3028,7.0000,7.0000,0.5553,580,607,15,605,451.7500
329,SMACross,13,11,-0.4210,61.9795,136.0000,65.0000,71.0000,0.4779,77.2634,-130.0300,4.0000,4.0000,0.5942,624,646,40,602,478.0000
330,SMACross,13,12,-0.5131,65.4145,187.0000,89.0000,98.0000,0.4759,57.0328,-104.1484,7.0000,7.0000,0.5476,650,655,41,607,488.2500
331,SMACross,13,13,0.0000,0.0000,,,,,,,,,,312,1,646,646,401.2500
332,SMACross,13,14,-0.2919,43.9130,180.0000,63.0000,117.0000,0.3500,113.8435,-84.9843,5.0000,6.0000,1.3396,579,594,255,560,497.0000
333,SMACross,13,15,-0.1137,34.4500,123.0000,44.0000,79.0000,0.3577,182.0611,-113.8179,5.0000,11.0000,1.5996,468,474,222,499,415.7500
334,SMACross,13,16,0.0488,28.6153,107.0000,40.0000,67.0000,0.3738,204.0928,-114.5580,5.0000,11.0000,1.7816,219,307,173,439,284.5000
335,SMACross,13,17,0.1145,22.4905,89.0000,33.0000,56.0000,0.3708,236.7295,-119.0538,3.0000,9.0000,1.9884,101,159,180,342,195.5000
336,SMACross,13,18,0.1955,19.3934,81.0000,28.0000,53.0000,0.3457,268.8407,-105.1340,4.0000,8.0000,2.5571,36,103,270,78,121.7500
337,SMACross,13,19,0.1710,17.1613,74.0000,23.0000,51.0000,0.3108,321.5270,-111.4754,3.0000,8.0000,2.8843,58,50,457,22,146.7500
338,SMACross,13,20,0.1517,18.5363,64.0000,19.0000,45.0000,0.2969,381.8605,-127.5296,2.0000,7.0000,2.9943,65,73,532,12,170.5000
339,SMACross,13,21,0.1858,15.3607,63.0000,19.0000,44.0000,0.3016,408.8387,-134.3056,2.0000,7.0000,3.0441,43,32,506,9,147.5000
340,SMACross,13,22,0.1972,16.7453,58.0000,21.0000,37.0000,0.3621,358.9652,-150.4440,3.0000,6.0000,2.3860,34,45,205,124,102.0000
341,SMACross,13,23,0.1922,16.7453,54.0000,20.0000,34.0000,0.3704,352.1705,-150.6359,3.0000,5.0000,2.3379,37,44,181,152,103.5000
342,SMACross,13,24,0.1764,18.6292,47.0000,18.0000,29.0000,0.3830,338.4819,-149.2481,3.0000,5.0000,2.2679,55,79,135,195,116.0000
343,SMACross,13,25,0.2519,18.6292,46.0000,18.0000,28.0000,0.3913,380.9695,-154.9514,2.0000,5.0000,2.4586,15,78,109,100,75.5000
344,SMACross,13,26,0.2751,17.9404,45.0000,17.0000,28.0000,0.3778,436.7894,-166.9289,2.0000,4.0000,2.6166,11,61,155,63,72.5000
345,SMACross,13,27,0.1156,23.0161,45.0000,15.0000,30.0000,0.3333,412.6483,-167.7779,2.0000,5.0000,2.4595,96,169,318,99,170.5000
346,SMACross,13,28,0.1262,23.0161,44.0000,15.0000,29.0000,0.3409,401.2274,-164.0240,4.0000,6.0000,2.4462,88,171,305,103,166.7500
347,SMACross,13,29,0.1458,23.0161,42.0000,17.0000,25.0000,0.4048,355.7832,-183.6321,5.0000,5.0000,1.9375,70,170,81,372,173.2500
348,SMACross,13,30,0.0691,24.4325,43.0000,15.0000,28.0000,0.3488,373.2773,-175.3071,4.0000,6.0000,2.1293,177,203,258,265,225.7500
349,SMACross,13,31,0.1065,25.2354,38.0000,13.0000,25.0000,0.3421,475.0375,-200.4738,3.0000,5.0000,2.3696,108,221,290,135,188.5000
350,SMACross,13,32,0.0998,25.2590,37.0000,13.0000,24.0000,0.3514,473.3225,-210.6963,3.0000,5.0000,2.2465,122,222,248,209,200.2500
351,SMACross,13,33,0.1040,23.6907,37.0000,13.0000,24.0000,0.3514,465.0573,-204.4533,3.0000,5.0000,2.2746,111,189,248,190,184.5000
352,SMACross,13,34,0.1116,23.0592,37.0000,14.0000,23.0000,0.3784,433.7069,-211.1503,3.0000,5.0000,2.0540,103,172,153,309,184.2500
353,SMACross,13,35,0.1017,22.7638,38.0000,14.0000,24.0000,0.3684,426.6407,-202.4182,3.0000,5.0000,2.1077,120,164,185,276,186.2500
354,SMACross,13,36,0.0386,23.8974,40.0000,16.0000,24.0000,0.4000,336.4803,-204.3918,3.0000,5.0000,1.6463,247,194,86,486,253.2500
355,SMACross,13,37,-0.0017,24.7398,39.0000,11.0000,28.0000,0.2821,463.2383,-179.3989,2.0000,6.0000,2.5822,327,209,575,70,295.2500
356,SMACross,13,38,-0.1043,32.8619,38.0000,10.0000,28.0000,0.2632,475.5667,-204.2473,2.0000,8.0000,2.3284,456,418,616,159,412.2500
357,SMACross,13,39,-0.1160,33.0773,38.0000,10.0000,28.0000,0.2632,474.0124,-207.9009,2.0000,7.0000,2.2800,471,423,616,184,423.5000
358,SMACross,13,40,-0.1444,35.3551,36.0000,9.0000,27.0000,0.2500,536.2561,-232.0251,2.0000,8.0000,2.3112,507,503,625,169,451.0000
359,SMACross,13,41,-0.1055,34.8601,33.0000,9.0000,24.0000,0.2727,511.3133,-235.4637,2.0000,7.0000,2.1715,458,486,598,247,447.2500
360,SMACross,13,42,-0.0935,34.2691,30.0000,10.0000,20.0000,0.3333,436.8485,-264.8893,2.0000,5.0000,1.6492,445,469,318,483,428.7500
361,SMACross,13,43,-0.0887,34.1263,32.0000,11.0000,21.0000,0.3438,403.2293,-253.1658,2.0000,5.0000,1.5927,439,466,279,501,421.2500
362,SMACross,13,44,-0.0894,33.3741,31.0000,12.0000,19.0000,0.3871,359.7140,-273.9598,2.0000,4.0000,1.3130,440,434,118,567,389.7500
363,SMACross,13,45,-0.0429,31.0680,31.0000,11.0000,20.0000,0.3548,412.0815,-247.7762,2.0000,5.0000,1.6631,383,370,231,478,365.5000
364,SMACross,13,46,-0.0589,34.0776,31.0000,10.0000,21.0000,0.3226,459.3505,-246.5021,2.0000,5.0000,1.8635,408,464,387,395,413.5000
365,SMACross,13,47,0.0111,27.8733,32.0000,11.0000,21.0000,0.3438,429.6613,-219.4587,3.0000,4.0000,1.9578,290,288,279,357,303.5000
366,SMACross,13,48,0.1325,18.7322,30.0000,10.0000,20.0000,0.3333,492.4664,-179.6214,3.0000,4.0000,2.7417,82,85,318,36,130.2500
367,SMACross,13,49,0.1142,20.9950,30.0000,10.0000,20.0000,0.3333,502.0635,-193.5849,3.0000,4.0000,2.5935,102,131,318,68,154.7500
368,SMACross,13,50,0.0834,23.8658,30.0000,10.0000,20.0000,0.3333,481.4577,-198.6715,3.0000,5.0000,2.4234,152,192,318,114,194.0000
369,SMACross,14,10,-0.3182,57.6122,103.0000,57.0000,46.0000,0.5534,79.1946,-167.3172,7.0000,8.0000,0.4733,586,606,16,617,456.2500
370,SMACross,14,11,-0.3442,59.4849,116.0000,60.0000,56.0000,0.5172,82.5375,-149.8957,5.0000,5.0000,0.5506,596,623,30,606,463.7500
371,SMACross,14,12,-0.4094,58.0661,126.0000,64.0000,62.0000,0.5079,70.7992,-139.1210,4.0000,5.0000,0.5089,615,609,33,612,467.2500
372,SMACross,14,13,-0.3963,59.7785,181.0000,79.0000,102.0000,0.4365,80.0161,-100.8300,5.0000,6.0000,0.7936,610,632,56,594,473.0000
373,SMACross,14,14,0.0000,0.0000,,,,,,,,,,312,1,646,646,401.2500
374,SMACross,14,15,-0.0685,33.8158,172.0000,66.0000,106.0000,0.3837,134.1564,-89.9928,4.0000,10.0000,1.4907,416,454,133,528,382.7500
375,SMACross,14,16,0.0418,23.1383,119.0000,48.0000,71.0000,0.4034,185.8722,-119.7737,4.0000,14.0000,1.5519,240,177,85,519,255.2500
376,SMACross,14,17,0.1343,20.2117,101.0000,40.0000,61.0000,0.3960,208.0539,-114.4170,4.0000,9.0000,1.8184,80,118,100,422,180.0000
377,SMACross,14,18,0.2246,14.7631,83.0000,28.0000,55.0000,0.3373,282.9802,-103.2269,3.0000,8.0000,2.7413,27,20,316,37,100.0000
378,SMACross,14,19,0.1739,14.6203,77.0000,24.0000,53.0000,0.3117,309.5866,-107.3851,4.0000,8.0000,2.8830,57,17,456,23,138.2500
379,SMACross,14,20,0.1481,16.3172,72.0000,23.0000,49.0000,0.3194,321.7402,-120.7890,3.0000,7.0000,2.6637,69,40,406,47,140.5000
380,SMACross,14,21,0.2441,14.3886,63.0000,24.0000,39.0000,0.3810,330.1923,-140.6149,3.0000,7.0000,2.3482,20,14,141,145,80.0000
381,SMACross,14,22,0.2165,17.9397,59.0000,22.0000,37.0000,0.3729,360.6867,-155.9507,3.0000,6.0000,2.3128,28,60,176,167,107.7500
382,SMACross,14,23,0.2471,17.9404,57.0000,22.0000,35.0000,0.3860,353.4917,-151.5948,3.0000,6.0000,2.3318,16,64,124,156,90.0000
383,SMACross,14,24,0.2262,17.9404,50.0000,21.0000,29.0000,0.4200,360.1773,-182.8267,3.0000,5.0000,1.9700,25,62,64,352,125.7500
384,SMACross,14,25,0.3190,17.9404,45.0000,18.0000,27.0000,0.4000,436.0899,-172.5651,3.0000,5.0000,2.5271,6,63,86,81,59.0000
385,SMACross,14,26,0.1541,19.3623,45.0000,18.0000,27.0000,0.4000,343.6061,-171.9837,3.0000,5.0000,1.9979,64,99,86,338,146.7500
386,SMACross,14,27,0.1305,22.1456,41.0000,16.0000,25.0000,0.3902,389.6268,-197.1546,3.0000,5.0000,1.9763,83,153,111,348,173.7500
387,SMACross,14,28,0.1084,23.1378,44.0000,15.0000,29.0000,0.3409,400.2093,-169.6186,3.0000,5.0000,2.3595,106,176,305,139,181.5000
388,SMACross,14,29,0.0962,23.5619,42.0000,18.0000,24.0000,0.4286,314.5139,-195.7895,4.0000,4.0000,1.6064,127,186,57,498,217.0000
389,SMACross,14,30,0.0954,22.7924,41.0000,15.0000,26.0000,0.3659,380.5822,-182.8581,3.0000,5.0000,2.0813,128,165,195,295,195.7500
390,SMACross,14,31,0.0607,24.9786,38.0000,13.0000,25.0000,0.3421,430.0576,-195.5485,3.0000,5.0000,2.1992,190,213,290,231,231.0000
391,SMACross,14,32,0.0572,24.8865,37.0000,14.0000,23.0000,0.3784,392.8413,-210.1541,3.0000,5.0000,1.8693,206,211,153,394,241.0000
392,SMACross,14,33,0.0987,22.8333,38.0000,13.0000,25.0000,0.3421,436.8549,-183.7632,2.0000,5.0000,2.3773,124,167,290,130,177.7500
393,SMACross,14,34,0.0941,21.8951,37.0000,13.0000,24.0000,0.3514,419.0033,-183.6996,2.0000,5.0000,2.2809,131,148,248,183,177.5000
394,SMACross,14,35,-0.0302,32.0131,38.0000,13.0000,25.0000,0.3421,400.1806,-219.9515,2.0000,5.0000,1.8194,368,394,290,421,368.2500
395,SMACross,14,36,0.0406,25.0659,37.0000,11.0000,26.0000,0.2973,476.5273,-185.7571,2.0000,6.0000,2.5653,242,215,527,76,265.0000
396,SMACross,14,37,-0.0795,31.6796,40.0000,10.0000,30.0000,0.2500,483.2035,-187.3740,2.0000,6.0000,2.5788,430,384,625,72,377.7500
397,SMACross,14,38,-0.0840,31.7609,39.0000,10.0000,29.0000,0.2564,485.5455,-196.2140,2.0000,8.0000,2.4746,433,388,623,95,384.7500
398,SMACross,14,39,-0.1271,33.8477,39.0000,9.0000,30.0000,0.2308,509.8482,-195.1327,2.0000,9.0000,2.6128,485,455,639,65,411.0000
399,SMACross,14,40,-0.1377,35.1944,36.0000,10.0000,26.0000,0.2778,467.0846,-232.3992,2.0000,8.0000,2.0098,499,499,585,331,478.5000
400,SMACross,14,41,-0.0864,34.6334,34.0000,12.0000,22.0000,0.3529,391.7034,-252.6691,2.0000,5.0000,1.5503,437,481,242,520,420.0000
401,SMACross,14,42,-0.1202,35.9425,36.0000,11.0000,25.0000,0.3056,401.3265,-224.4583,2.0000,5.0000,1.7880,477,520,475,434,476.5000
402,SMACross,14,43,-0.0987,34.8590,34.0000,10.0000,24.0000,0.2941,429.0031,-219.6607,2.0000,7.0000,1.9530,450,485,537,362,458.5000
403,SMACross,14,44,-0.0787,32.7891,33.0000,10.0000,23.0000,0.3030,425.2859,-218.8941,2.0000,6.0000,1.9429,429,414,491,369,425.7500
404,SMACross,14,45,-0.0340,28.8631,30.0000,10.0000,20.0000,0.3333,421.7509,-227.5614,2.0000,5.0000,1.8534,375,316,318,400,352.2500
405,SMACross,14,46,-0.0508,31.7498,30.0000,10.0000,20.0000,0.3333,435.7656,-243.0026,2.0000,5.0000,1.7933,397,387,318,431,383.2500
406,SMACross,14,47,0.1028,17.2772,31.0000,12.0000,19.0000,0.3871,378.8224,-184.8038,2.0000,4.0000,2.0499,117,53,118,312,150.0000
407,SMACross,14,48,0.0652,20.6485,30.0000,9.0000,21.0000,0.3000,493.4306,-180.1249,3.0000,6.0000,2.7394,182,128,507,38,213.7500
408,SMACross,14,49,0.0951,21.6153,30.0000,9.0000,21.0000,0.3000,518.9613,-176.8045,2.0000,7.0000,2.9352,129,143,507,18,199.2500
409,SMACross,14,50,0.0895,23.4454,30.0000,9.0000,21.0000,0.3000,507.9553,-174.7547,2.0000,6.0000,2.9067,144,185,507,21,214.2500
410,SMACross,15,10,-0.3282,57.6013,91.0000,54.0000,37.0000,0.5934,81.8573,-208.1779,11.0000,6.0000,0.3932,591,605,6,628,457.5000
411,SMACross,15,11,-0.3094,59.5215,97.0000,51.0000,46.0000,0.5258,87.7116,-164.5043,9.0000,5.0000,0.5332,585,624,25,609,460.7500
412,SMACross,15,12,-0.3997,59.5311,114.0000,55.0000,59.0000,0.4825,72.1181,-134.9768,7.0000,8.0000,0.5343,612,625,39,608,471.0000
413,SMACross,15,13,-0.3966,57.3199,124.0000,57.0000,67.0000,0.4597,82.6955,-129.5396,5.0000,7.0000,0.6384,611,603,47,600,465.2500
414,SMACross,15,14,-0.5269,63.3283,172.0000,73.0000,99.0000,0.4244,70.1567,-103.9601,5.0000,5.0000,0.6748,654,651,61,598,491.0000
415,SMACross,15,15,0.0000,0.0000,,,,,,,,,,312,1,646,646,401.2500
416,SMACross,15,16,-0.1087,26.0827,169.0000,67.0000,102.0000,0.3964,114.0409,-85.5682,4.0000,11.0000,1.3327,463,244,99,561,341.7500
417,SMACross,15,17,0.0122,19.3096,111.0000,38.0000,73.0000,0.3423,223.0560,-114.4363,3.0000,9.0000,1.9492,288,97,289,365,259.7500
418,SMACross,15,18,0.0564,18.3140,95.0000,34.0000,61.0000,0.3579,212.0428,-108.9480,4.0000,6.0000,1.9463,208,69,221,368,216.5000
419,SMACross,15,19,0.1498,14.6901,79.0000,28.0000,51.0000,0.3544,279.0544,-123.8322,3.0000,7.0000,2.2535,67,18,236,206,131.7500
420,SMACross,15,20,0.1684,14.7422,75.0000,27.0000,48.0000,0.3600,294.2916,-130.4553,3.0000,7.0000,2.2559,60,19,211,205,123.7500
421,SMACross,15,21,0.1901,15.6169,69.0000,26.0000,43.0000,0.3768,313.2850,-145.2262,3.0000,6.0000,2.1572,38,34,160,255,121.7500
422,SMACross,15,22,0.2259,17.0128,61.0000,24.0000,37.0000,0.3934,344.1550,-162.1724,3.0000,5.0000,2.1222,26,47,103,267,110.7500
423,SMACross,15,23,0.3413,17.0128,56.0000,23.0000,33.0000,0.4107,385.8056,-165.4809,3.0000,5.0000,2.3314,3,48,78,157,71.5000
424,SMACross,15,24,0.2552,18.5799,56.0000,22.0000,34.0000,0.3929,395.4279,-180.8157,3.0000,5.0000,2.1869,14,76,104,238,108.0000
425,SMACross,15,25,0.1765,18.5799,49.0000,20.0000,29.0000,0.4082,337.7565,-172.0857,3.0000,5.0000,1.9627,54,74,80,354,140.5000
426,SMACross,15,26,0.1490,18.5799,45.0000,17.0000,28.0000,0.3778,362.7200,-167.0261,3.0000,6.0000,2.1716,68,74,155,246,135.7500
427,SMACross,15,27,0.0779,22.2690,44.0000,17.0000,27.0000,0.3864,352.7307,-193.2307,3.0000,5.0000,1.8254,162,156,123,415,214.0000
428,SMACross,15,28,0.0869,22.6978,41.0000,17.0000,24.0000,0.4146,341.2940,-205.5339,3.0000,5.0000,1.6605,149,163,74,479,216.2500
429,SMACross,15,29,0.1071,22.4054,41.0000,18.0000,23.0000,0.4390,328.7656,-210.7457,3.0000,4.0000,1.5600,107,158,52,516,208.2500
430,SMACross,15,30,0.0915,23.9342,40.0000,15.0000,25.0000,0.3750,388.7908,-196.6790,2.0000,4.0000,1.9768,140,195,164,347,211.5000
431,SMACross,15,31,0.0513,24.3233,37.0000,12.0000,25.0000,0.3243,447.4258,-193.9679,2.0000,4.0000,2.3067,213,201,373,171,239.5000
432,SMACross,15,32,0.0922,23.2654,36.0000,13.0000,23.0000,0.3611,432.4965,-204.0562,2.0000,5.0000,2.1195,137,181,207,270,198.7500
433,SMACross,15,33,0.0907,21.4650,37.0000,13.0000,24.0000,0.3514,419.8832,-189.3462,2.0000,5.0000,2.2175,143,141,248,225,189.2500
434,SMACross,15,34,0.1389,19.8149,39.0000,13.0000,26.0000,0.3333,407.9178,-150.2470,3.0000,6.0000,2.7150,76,110,318,40,136.0000
435,SMACross,15,35,0.0027,29.3501,37.0000,12.0000,25.0000,0.3243,437.6149,-208.7235,2.0000,6.0000,2.0966,305,329,373,283,322.5000
436,SMACross,15,36,0.0658,23.6675,36.0000,11.0000,25.0000,0.3056,488.2943,-188.2547,2.0000,6.0000,2.5938,180,188,475,67,227.5000
437,SMACross,15,37,-0.0559,31.3707,36.0000,11.0000,25.0000,0.3056,453.1368,-221.4934,2.0000,6.0000,2.0458,405,379,475,316,393.7500
438,SMACross,15,38,-0.0961,33.2641,36.0000,10.0000,26.0000,0.2778,474.1818,-219.1193,2.0000,8.0000,2.1640,448,430,585,252,428.7500
439,SMACross,15,39,-0.0810,33.7962,40.0000,11.0000,29.0000,0.2750,449.4827,-198.2562,2.0000,7.0000,2.2672,431,453,595,196,418.7500
440,SMACross,15,40,-0.1248,34.8888,37.0000,10.0000,27.0000,0.2703,441.6564,-209.5949,2.0000,6.0000,2.1072,483,489,606,279,464.2500
441,SMACross,15,41,-0.1275,36.0427,37.0000,12.0000,25.0000,0.3243,387.5233,-236.8026,2.0000,5.0000,1.6365,486,523,373,490,468.0000
442,SMACross,15,42,-0.1336,36.6007,33.0000,9.0000,24.0000,0.2727,477.7818,-234.6161,2.0000,6.0000,2.0364,491,537,598,320,486.5000
443,SMACross,15,43,-0.1017,33.9610,32.0000,10.0000,22.0000,0.3125,438.7409,-245.4210,2.0000,6.0000,1.7877,453,460,443,435,447.7500
444,SMACross,15,44,-0.0738,30.6174,31.0000,9.0000,22.0000,0.2903,473.6997,-227.0845,2.0000,6.0000,2.0860,427,353,551,290,405.2500
445,SMACross,15,45,0.0790,22.3099,30.0000,9.0000,21.0000,0.3000,508.0550,-179.8421,2.0000,8.0000,2.8250,160,157,507,28,213.0000
446,SMACross,15,46,0.1028,20.2644,30.0000,9.0000,21.0000,0.3000,493.0075,-162.0501,2.0000,8.0000,3.0423,118,120,507,10,188.7500
447,SMACross,15,47,0.0789,21.1264,31.0000,9.0000,22.0000,0.2903,494.9413,-166.3143,2.0000,8.0000,2.9759,161,133,551,14,214.7500
448,SMACross,15,48,0.0606,24.5576,30.0000,8.0000,22.0000,0.2667,593.0224,-187.8224,2.0000,7.0000,3.1574,192,205,613,6,254.0000
449,SMACross,15,49,0.0093,25.9744,30.0000,7.0000,23.0000,0.2333,647.0058,-192.6082,1.0000,7.0000,3.3592,295,241,637,4,294.2500
450,SMACross,15,50,0.0644,25.9167,31.0000,9.0000,22.0000,0.2903,522.4331,-184.1525,3.0000,7.0000,2.8370,184,238,551,27,250.0000
451,SMACross,16,10,-0.3325,57.5718,83.0000,50.0000,33.0000,0.6024,84.9102,-229.4128,9.0000,3.0000,0.3701,594,604,3,631,458.0000
452,SMACross,16,11,-0.4196,61.2722,89.0000,47.0000,42.0000,0.5281,71.7716,-180.2303,6.0000,6.0000,0.3982,623,644,23,627,479.2500
453,SMACross,16,12,-0.4168,58.1637,91.0000,49.0000,42.0000,0.5385,85.3607,-198.8185,5.0000,9.0000,0.4293,619,610,20,619,467.0000
454,SMACross,16,13,-0.4564,58.4436,107.0000,50.0000,57.0000,0.4673,90.6281,-157.4170,4.0000,4.0000,0.5757,642,611,44,604,475.2500
455,SMACross,16,14,-0.4781,60.2921,119.0000,59.0000,60.0000,0.4958,78.5930,-154.9959,4.0000,5.0000,0.5071,645,639,36,613,483.2500
456,SMACross,16,15,-0.4991,62.6053,169.0000,70.0000,99.0000,0.4142,72.0673,-100.2215,5.0000,7.0000,0.7191,648,648,75,596,491.7500
457,SMACross,16,16,0.0000,0.0000,,,,,,,,,,312,1,646,646,401.2500
458,SMACross,16,17,-0.2499,36.8260,161.0000,64.0000,97.0000,0.3975,121.7214,-106.0741,3.0000,7.0000,1.1475,564,541,94,585,446.0000
459,SMACross,16,18,0.0207,16.3083,111.0000,43.0000,68.0000,0.3874,183.0263,-112.6889,4.0000,6.0000,1.6242,267,39,117,493,229.0000
460,SMACross,16,19,0.2554,12.5188,91.0000,33.0000,58.0000,0.3626,264.9049,-106.6886,3.0000,7.0000,2.4830,13,12,204,94,80.7500
461,SMACross,16,20,0.2033,14.5622,77.0000,29.0000,48.0000,0.3766,290.9687,-127.7710,4.0000,8.0000,2.2773,31,16,162,185,98.5000
462,SMACross,16,21,0.1546,17.0797,69.0000,26.0000,43.0000,0.3768,316.0914,-149.1097,4.0000,6.0000,2.1199,63,49,160,269,135.2500
463,SMACross,16,22,0.2014,16.2754,62.0000,23.0000,39.0000,0.3710,358.7261,-154.5183,3.0000,6.0000,2.3216,33,38,179,163,103.2500
464,SMACross,16,23,0.3672,18.5799,58.0000,23.0000,35.0000,0.3966,397.5843,-156.3519,3.0000,6.0000,2.5429,2,77,97,80,64.0000
465,SMACross,16,24,0.3365,19.0101,55.0000,23.0000,32.0000,0.4182,387.7382,-173.5163,3.0000,5.0000,2.2346,5,93,69,215,95.5000
466,SMACross,16,25,0.2448,18.7228,53.0000,25.0000,28.0000,0.4717,316.8791,-186.2166,3.0000,5.0000,1.7017,19,81,42,464,151.5000
467,SMACross,16,26,0.0930,19.3911,48.0000,18.0000,30.0000,0.3750,339.8722,-166.5161,3.0000,6.0000,2.0411,135,101,164,318,179.5000
468,SMACross,16,27,0.0690,23.4341,45.0000,18.0000,27.0000,0.4000,339.1908,-200.5753,4.0000,4.0000,1.6911,178,183,86,467,228.5000
469,SMACross,16,28,0.0586,23.9933,43.0000,15.0000,28.0000,0.3488,390.0331,-188.0226,3.0000,5.0000,2.0744,200,196,258,301,238.7500
470,SMACross,16,29,0.0364,25.8166,41.0000,16.0000,25.0000,0.3902,347.9132,-208.1194,4.0000,6.0000,1.6717,251,237,111,472,267.7500
471,SMACross,16,30,0.0374,25.3333,39.0000,13.0000,26.0000,0.3333,430.3053,-200.5213,3.0000,6.0000,2.1459,248,224,318,257,261.7500
472,SMACross,16,31,0.0628,24.3254,38.0000,13.0000,25.0000,0.3421,423.4371,-194.7960,2.0000,5.0000,2.1737,187,202,290,244,230.7500
473,SMACross,16,32,0.0407,24.5258,38.0000,13.0000,25.0000,0.3421,404.8582,-193.9737,2.0000,5.0000,2.0872,241,204,290,288,255.7500
474,SMACross,16,33,0.0718,19.9120,36.0000,13.0000,23.0000,0.3611,390.5675,-189.2493,3.0000,6.0000,2.0638,171,112,207,305,198.7500
475,SMACross,16,34,-0.0522,28.5431,36.0000,10.0000,26.0000,0.2778,489.2017,-208.0149,2.0000,6.0000,2.3518,401,302,585,142,357.5000
476,SMACross,16,35,-0.0679,29.5022,36.0000,9.0000,27.0000,0.2500,547.2063,-207.3320,2.0000,6.0000,2.6393,415,331,625,58,357.2500
477,SMACross,16,36,-0.0906,30.7320,36.0000,10.0000,26.0000,0.2778,475.5588,-217.5372,2.0000,8.0000,2.1861,442,359,585,239,406.2500
478,SMACross,16,37,-0.1475,35.2452,37.0000,10.0000,27.0000,0.2703,459.9452,-224.7907,2.0000,9.0000,2.0461,512,500,606,315,483.2500
479,SMACross,16,38,-0.0898,34.0271,37.0000,11.0000,26.0000,0.2973,433.0981,-217.5657,2.0000,6.0000,1.9907,441,462,527,341,442.7500
480,SMACross,16,39,-0.1075,35.8412,35.0000,10.0000,25.0000,0.2857,466.3425,-229.3143,2.0000,6.0000,2.0336,461,519,563,322,466.2500
481,SMACross,16,40,-0.1758,37.4220,39.0000,9.0000,30.0000,0.2308,489.7531,-205.3751,2.0000,11.0000,2.3847,543,552,639,125,464.7500
482,SMACross,16,41,-0.2043,39.1770,39.0000,12.0000,27.0000,0.3077,352.6172,-232.2067,2.0000,8.0000,1.5185,559,576,467,527,532.2500
483,SMACross,16,42,-0.1434,36.4859,34.0000,13.0000,21.0000,0.3824,349.2940,-282.7344,3.0000,6.0000,1.2354,506,536,139,579,440.0000
484,SMACross,16,43,-0.1371,36.8143,30.0000,9.0000,21.0000,0.3000,487.5805,-272.4657,2.0000,7.0000,1.7895,498,540,507,433,494.5000
485,SMACross,16,44,0.0154,25.4851,30.0000,9.0000,21.0000,0.3000,515.7361,-211.5963,2.0000,8.0000,2.4374,281,230,507,107,281.2500
486,SMACross,16,45,-0.0237,27.0090,30.0000,10.0000,20.0000,0.3333,425.3926,-222.4489,2.0000,7.0000,1.9123,357,262,318,378,328.7500
487,SMACross,16,46,0.0332,23.1904,28.0000,10.0000,18.0000,0.3571,456.7234,-232.8275,2.0000,6.0000,1.9616,254,179,223,355,252.7500
488,SMACross,16,47,0.0434,25.0746,29.0000,11.0000,18.0000,0.3793,430.7480,-236.5945,2.0000,6.0000,1.8206,238,216,147,420,255.2500
489,SMACross,16,48,0.0519,27.2064,27.0000,10.0000,17.0000,0.3704,495.7268,-258.3955,3.0000,5.0000,1.9185,210,270,181,376,259.2500
490,SMACross,16,49,0.0585,26.9239,28.0000,11.0000,17.0000,0.3929,449.9930,-254.0935,3.0000,5.0000,1.7710,201,258,104,443,251.5000
491,SMACross,16,50,0.1153,23.5918,29.0000,11.0000,18.0000,0.3793,434.6433,-198.8780,3.0000,6.0000,2.1855,98,187,147,240,168.0000
492,SMACross,17,10,-0.3681,59.6264,80.0000,48.0000,32.0000,0.6000,77.1564,-230.7673,7.0000,4.0000,0.3343,604,627,4,641,469.0000
493,SMACross,17,11,-0.4069,58.9978,80.0000,42.0000,38.0000,0.5250,85.5918,-201.6697,5.0000,8.0000,0.4244,613,616,26,622,469.2500
494,SMACross,17,12,-0.4168,58.0335,87.0000,50.0000,37.0000,0.5747,85.7060,-228.4784,6.0000,5.0000,0.3751,620,608,9,630,466.7500
495,SMACross,17,13,-0.4499,58.6059,89.0000,43.0000,46.0000,0.4831,99.6170,-188.2252,4.0000,5.0000,0.5292,637,612,38,610,474.2500
496,SMACross,17,14,-0.4846,59.7605,101.0000,47.0000,54.0000,0.4653,83.7061,-160.5977,3.0000,4.0000,0.5212,646,631,46,611,483.5000
497,SMACross,17,15,-0.4447,58.7614,111.0000,52.0000,59.0000,0.4685,88.3219,-151.2547,5.0000,4.0000,0.5839,634,614,43,603,473.5000
498,SMACross,17,16,-0.3860,54.8426,161.0000,64.0000,97.0000,0.3975,76.1468,-88.7128,4.0000,5.0000,0.8584,607,602,94,593,474.0000
499,SMACross,17,17,0.0000,0.0000,,,,,,,,,,312,1,646,646,401.2500
500,SMACross,17,18,0.0937,15.0339,153.0000,52.0000,101.0000,0.3399,187.3944,-87.2037,6.0000,13.0000,2.1489,133,31,307,256,181.7500
501,SMACross,17,19,0.2605,14.4876,107.0000,41.0000,66.0000,0.3832,244.9596,-112.7023,3.0000,9.0000,2.1735,12,15,134,245,101.5000
502,SMACross,17,20,0.1346,14.2325,87.0000,29.0000,58.0000,0.3333,283.3538,-114.0389,4.0000,7.0000,2.4847,79,13,318,93,125.7500
503,SMACross,17,21,0.1368,17.2112,77.0000,26.0000,51.0000,0.3377,332.9571,-138.2686,3.0000,7.0000,2.4080,78,52,314,117,140.2500
504,SMACross,17,22,0.3404,16.2752,66.0000,25.0000,41.0000,0.3788,374.5804,-138.5617,3.0000,5.0000,2.7033,4,37,152,42,58.7500
505,SMACross,17,23,0.2954,18.7229,62.0000,26.0000,36.0000,0.4194,345.1075,-167.1854,3.0000,4.0000,2.0642,8,84,66,303,115.2500
506,SMACross,17,24,0.1448,18.7228,58.0000,23.0000,35.0000,0.3966,313.8460,-164.8667,3.0000,6.0000,1.9036,71,80,97,382,157.5000
507,SMACross,17,25,0.0969,18.7228,54.0000,21.0000,33.0000,0.3889,323.7267,-169.7006,3.0000,5.0000,1.9076,126,82,114,379,175.2500
508,SMACross,17,26,0.0332,19.9584,53.0000,19.0000,34.0000,0.3585,331.2956,-170.0407,4.0000,8.0000,1.9483,253,113,219,366,237.7500
509,SMACross,17,27,0.0005,27.1705,49.0000,17.0000,32.0000,0.3469,327.6870,-173.9247,3.0000,7.0000,1.8841,309,269,265,388,307.7500
510,SMACross,17,28,0.0036,26.3093,46.0000,16.0000,30.0000,0.3478,361.2228,-191.4619,6.0000,6.0000,1.8867,303,249,262,386,300.0000
511,SMACross,17,29,-0.0268,26.2742,44.0000,16.0000,28.0000,0.3636,330.4947,-198.4417,6.0000,6.0000,1.6654,361,248,203,477,322.2500
512,SMACross,17,30,0.0063,25.1162,39.0000,14.0000,25.0000,0.3590,392.6602,-217.1445,3.0000,6.0000,1.8083,297,217,216,425,288.7500
513,SMACross,17,31,0.0165,24.5649,40.0000,14.0000,26.0000,0.3500,398.1795,-207.8444,2.0000,5.0000,1.9158,279,206,255,377,279.2500
514,SMACross,17,32,-0.0189,24.1641,38.0000,12.0000,26.0000,0.3158,405.7967,-194.3215,2.0000,5.0000,2.0883,349,198,424,287,314.5000
515,SMACross,17,33,-0.1344,33.1931,41.0000,11.0000,30.0000,0.2683,408.0439,-194.2527,2.0000,7.0000,2.1006,494,427,610,281,453.0000
516,SMACross,17,34,-0.1159,32.0494,38.0000,10.0000,28.0000,0.2632,482.4137,-213.5146,2.0000,7.0000,2.2594,470,395,616,200,420.2500
517,SMACross,17,35,-0.1640,33.8624,38.0000,9.0000,29.0000,0.2368,497.3268,-210.7359,2.0000,9.0000,2.3600,533,456,636,138,440.7500
518,SMACross,17,36,-0.1343,35.0102,38.0000,11.0000,27.0000,0.2895,415.0346,-218.6490,2.0000,9.0000,1.8982,493,493,557,383,481.5000
519,SMACross,17,37,-0.1541,37.3980,37.0000,10.0000,27.0000,0.2703,436.8609,-217.5230,2.0000,6.0000,2.0083,518,550,606,332,501.5000
520,SMACross,17,38,-0.1669,38.8903,38.0000,10.0000,28.0000,0.2632,444.9071,-217.2128,2.0000,6.0000,2.0483,536,571,616,313,509.0000
521,SMACross,17,39,-0.1953,37.6866,35.0000,10.0000,25.0000,0.2857,420.1644,-244.8042,2.0000,7.0000,1.7163,554,555,563,457,532.2500
522,SMACross,17,40,-0.2025,39.5097,36.0000,11.0000,25.0000,0.3056,386.0077,-249.4473,2.0000,8.0000,1.5475,558,578,475,521,533.0000
523,SMACross,17,41,-0.1579,37.2715,37.0000,13.0000,24.0000,0.3514,342.5930,-249.8571,2.0000,5.0000,1.3712,525,546,248,556,468.7500
524,SMACross,17,42,-0.1555,37.7902,34.0000,9.0000,25.0000,0.2647,489.9222,-237.1024,2.0000,9.0000,2.0663,520,557,614,302,498.2500
525,SMACross,17,43,-0.0619,28.7575,31.0000,10.0000,21.0000,0.3226,433.5435,-234.0148,2.0000,7.0000,1.8526,412,312,387,401,378.0000
526,SMACross,17,44,-0.0912,31.7990,30.0000,9.0000,21.0000,0.3000,471.2449,-243.5056,2.0000,7.0000,1.9353,444,389,507,374,428.5000
527,SMACross,17,45,-0.0378,27.8937,31.0000,10.0000,21.0000,0.3226,450.1432,-230.3822,2.0000,7.0000,1.9539,380,289,387,361,354.2500
528,SMACross,17,46,-0.0357,30.0080,29.0000,10.0000,19.0000,0.3448,475.7224,-266.9533,2.0000,6.0000,1.7820,376,340,271,438,356.2500
529,SMACross,17,47,0.0441,25.6523,29.0000,11.0000,18.0000,0.3793,428.8957,-235.0883,2.0000,5.0000,1.8244,235,234,147,417,258.2500
530,SMACross,17,48,0.0600,27.0996,27.0000,9.0000,18.0000,0.3333,549.8293,-239.0408,3.0000,6.0000,2.3001,194,266,318,176,238.5000
531,SMACross,17,49,0.0705,26.9789,26.0000,10.0000,16.0000,0.3846,469.1447,-246.2924,3.0000,10.0000,1.9048,175,261,126,381,235.7500
532,SMACross,17,50,0.1285,23.1295,28.0000,9.0000,19.0000,0.3214,528.7001,-178.6350,3.0000,6.0000,2.9597,85,175,402,15,169.2500
533,SMACross,18,10,-0.3963,60.1137,71.0000,42.0000,29.0000,0.5915,80.5140,-253.2652,6.0000,4.0000,0.3179,609,637,7,643,474.0000
534,SMACross,18,11,-0.4355,59.8406,72.0000,40.0000,32.0000,0.5556,79.7914,-232.7406,5.0000,7.0000,0.3428,631,634,12,636,478.2500
535,SMACross,18,12,-0.4541,59.4297,76.0000,41.0000,35.0000,0.5395,75.6649,-214.2490,6.0000,8.0000,0.3532,640,619,19,633,477.7500
536,SMACross,18,13,-0.4709,59.2804,81.0000,41.0000,40.0000,0.5062,87.5352,-204.4603,4.0000,8.0000,0.4281,644,618,34,620,479.0000
537,SMACross,18,14,-0.4875,60.1569,83.0000,45.0000,38.0000,0.5422,69.8325,-208.1631,6.0000,9.0000,0.3355,647,638,18,640,485.7500
538,SMACross,18,15,-0.4334,58.6670,95.0000,49.0000,46.0000,0.5158,91.5189,-189.5509,5.0000,7.0000,0.4828,630,613,31,615,472.2500
539,SMACross,18,16,-0.4497,60.3201,111.0000,56.0000,55.0000,0.5045,75.7194,-157.1077,6.0000,6.0000,0.4820,636,640,35,616,481.7500
540,SMACross,18,17,-0.5644,65.6253,153.0000,65.0000,88.0000,0.4248,67.4018,-113.0505,4.0000,5.0000,0.5962,656,656,60,601,493.2500
541,SMACross,18,18,0.0000,0.0000,,,,,,,,,,312,1,646,646,401.2500
542,SMACross,18,19,0.0135,19.0371,148.0000,52.0000,96.0000,0.3514,165.5595,-85.8877,4.0000,13.0000,1.9276,285,94,248,375,250.5000
543,SMACross,18,20,0.0595,17.7818,103.0000,35.0000,68.0000,0.3398,225.8945,-104.2712,3.0000,9.0000,2.1664,197,58,308,250,203.2500
544,SMACross,18,21,0.1051,18.5132,86.0000,31.0000,55.0000,0.3605,270.6707,-129.2540,4.0000,7.0000,2.0941,110,72,210,284,169.0000
545,SMACross,18,22,0.1062,16.4222,71.0000,27.0000,44.0000,0.3803,277.5042,-141.7335,3.0000,4.0000,1.9579,109,41,143,356,162.2500
546,SMACross,18,23,0.0946,18.7228,67.0000,28.0000,39.0000,0.4179,257.1036,-155.3907,3.0000,4.0000,1.6546,130,83,70,481,191.0000
547,SMACross,18,24,0.1266,17.9824,57.0000,25.0000,32.0000,0.4386,287.6718,-177.8418,4.0000,4.0000,1.6176,87,66,53,495,175.2500
548,SMACross,18,25,0.1222,17.9823,54.0000,23.0000,31.0000,0.4259,303.7282,-178.3715,3.0000,3.0000,1.7028,91,65,59,462,169.2500
549,SMACross,18,26,0.0489,23.7239,53.0000,20.0000,33.0000,0.3774,318.0743,-172.3831,4.0000,7.0000,1.8452,218,190,158,408,243.5000
550,SMACross,18,27,0.0044,26.6655,51.0000,20.0000,31.0000,0.3922,309.8912,-198.5230,5.0000,6.0000,1.5610,300,254,107,515,294.0000
551,SMACross,18,28,-0.0023,28.5851,47.0000,19.0000,28.0000,0.4043,296.0317,-201.7055,4.0000,6.0000,1.4676,328,304,82,540,313.5000
552,SMACross,18,29,-0.1099,35.0308,43.0000,18.0000,25.0000,0.4186,298.9474,-258.9776,4.0000,5.0000,1.1543,465,494,68,584,402.7500
553,SMACross,18,30,-0.1221,35.3880,42.0000,16.0000,26.0000,0.3810,339.9186,-255.9371,3.0000,5.0000,1.3281,478,504,141,563,421.5000
554,SMACross,18,31,-0.1155,34.1281,41.0000,14.0000,27.0000,0.3415,372.7653,-235.8706,3.0000,5.0000,1.5804,469,467,301,506,435.7500
555,SMACross,18,32,-0.1807,37.8267,39.0000,14.0000,25.0000,0.3590,329.5678,-255.4341,3.0000,4.0000,1.2902,546,559,216,574,473.7500
556,SMACross,18,33,-0.1529,35.3498,38.0000,11.0000,27.0000,0.2895,402.6005,-219.3097,2.0000,5.0000,1.8358,515,502,557,412,496.5000
557,SMACross,18,34,-0.1641,36.4467,41.0000,10.0000,31.0000,0.2439,443.8584,-194.9501,2.0000,10.0000,2.2768,534,534,632,187,471.7500
558,SMACross,18,35,-0.1619,35.5641,39.0000,9.0000,30.0000,0.2308,474.9914,-195.2555,2.0000,8.0000,2.4327,529,512,639,110,447.5000
559,SMACross,18,36,-0.1607,36.1777,37.0000,10.0000,27.0000,0.2703,428.0147,-216.7144,2.0000,7.0000,1.9750,526,527,606,350,502.2500
560,SMACross,18,37,-0.1694,37.2495,37.0000,9.0000,28.0000,0.2432,460.6314,-207.2840,2.0000,6.0000,2.2222,538,545,633,222,484.5000
561,SMACross,18,38,-0.1939,38.8148,36.0000,10.0000,26.0000,0.2778,409.6272,-230.7893,2.0000,8.0000,1.7749,553,570,585,440,537.0000
562,SMACross,18,39,-0.1768,38.0521,35.0000,12.0000,23.0000,0.3429,363.1848,-264.8250,2.0000,7.0000,1.3714,544,562,288,555,487.2500
563,SMACross,18,40,-0.1740,39.0998,34.0000,12.0000,22.0000,0.3529,361.5927,-273.6728,2.0000,7.0000,1.3213,540,574,242,564,480.0000
564,SMACross,18,41,-0.2194,39.5228,35.0000,9.0000,26.0000,0.2571,448.6390,-237.5746,2.0000,10.0000,1.8884,561,579,621,385,536.5000
565,SMACross,18,42,-0.1327,32.6382,34.0000,10.0000,24.0000,0.2941,421.7688,-228.5034,2.0000,9.0000,1.8458,490,409,537,407,460.7500
566,SMACross,18,43,-0.1385,33.3551,33.0000,8.0000,25.0000,0.2424,529.2471,-222.3439,2.0000,9.0000,2.3803,500,432,635,126,423.2500
567,SMACross,18,44,-0.1172,33.3851,32.0000,9.0000,23.0000,0.2812,474.3555,-233.8867,2.0000,8.0000,2.0281,473,435,578,326,453.0000
568,SMACross,18,45,-0.0939,32.3444,31.0000,10.0000,21.0000,0.3226,434.0489,-248.3823,2.0000,8.0000,1.7475,446,402,387,446,420.2500
569,SMACross,18,46,-0.0725,30.4965,30.0000,10.0000,20.0000,0.3333,433.7930,-249.8642,2.0000,7.0000,1.7361,422,351,318,449,385.0000
570,SMACross,18,47,-0.0514,30.1008,30.0000,11.0000,19.0000,0.3667,398.7865,-254.4343,2.0000,6.0000,1.5673,399,345,190,514,362.0000
571,SMACross,18,48,-0.0158,28.2635,29.0000,8.0000,21.0000,0.2759,511.7625,-199.1621,2.0000,11.0000,2.5696,345,296,594,74,327.2500
572,SMACross,18,49,-0.0062,28.1269,28.0000,8.0000,20.0000,0.2857,516.3416,-206.1290,2.0000,9.0000,2.5049,336,292,563,87,319.5000
573,SMACross,18,50,0.0937,24.2737,28.0000,9.0000,19.0000,0.3214,496.1226,-181.6152,2.0000,6.0000,2.7317,132,200,402,39,193.2500
574,SMACross,19,10,-0.3645,59.4644,59.0000,36.0000,23.0000,0.6102,89.5782,-298.6795,7.0000,7.0000,0.2999,602,621,2,644,467.2500
575,SMACross,19,11,-0.4224,59.6831,65.0000,35.0000,30.0000,0.5385,81.6583,-236.0532,6.0000,5.0000,0.3459,625,628,20,634,476.7500
576,SMACross,19,12,-0.4269,58.9757,69.0000,41.0000,28.0000,0.5942,74.9192,-262.1646,4.0000,3.0000,0.2858,627,615,5,645,473.0000
577,SMACross,19,13,-0.4438,59.5635,74.0000,41.0000,33.0000,0.5541,75.4627,-224.4191,6.0000,5.0000,0.3363,632,626,14,639,477.7500
578,SMACross,19,14,-0.4516,60.3936,77.0000,43.0000,34.0000,0.5584,76.1204,-225.7308,6.0000,6.0000,0.3372,638,642,11,638,482.2500
579,SMACross,19,15,-0.4445,59.8118,79.0000,41.0000,38.0000,0.5190,89.2253,-210.6891,5.0000,7.0000,0.4235,633,633,29,623,479.5000
580,SMACross,19,16,-0.5149,62.3180,91.0000,44.0000,47.0000,0.4835,75.9964,-178.8828,5.0000,5.0000,0.4248,651,647,37,621,489.0000
581,SMACross,19,17,-0.5465,63.3958,107.0000,50.0000,57.0000,0.4673,73.5774,-159.0213,7.0000,7.0000,0.4627,655,652,44,618,492.2500
582,SMACross,19,18,-0.5220,64.9679,149.0000,56.0000,93.0000,0.3758,80.3352,-104.5051,5.0000,6.0000,0.7687,653,654,163,595,516.2500
583,SMACross,19,19,0.0000,0.0000,,,,,,,,,,312,1,646,646,401.2500
584,SMACross,19,20,0.0204,19.6106,143.0000,57.0000,86.0000,0.3986,146.1703,-92.0321,4.0000,7.0000,1.5883,268,105,93,502,242.0000
585,SMACross,19,21,0.0150,22.0918,104.0000,40.0000,64.0000,0.3846,199.9081,-119.8211,5.0000,8.0000,1.6684,283,150,126,476,258.7500
586,SMACross,19,22,0.0195,23.3287,84.0000,35.0000,49.0000,0.4167,215.3307,-146.1823,3.0000,4.0000,1.4730,271,182,71,537,265.2500
587,SMACross,19,23,0.0920,19.1898,71.0000,27.0000,44.0000,0.3803,285.8854,-154.5191,3.0000,6.0000,1.8502,138,95,143,403,194.7500
588,SMACross,19,24,0.1151,22.5195,67.0000,25.0000,42.0000,0.3731,278.6982,-138.4860,4.0000,6.0000,2.0125,99,160,175,329,190.7500
589,SMACross,19,25,0.1839,18.1882,56.0000,25.0000,31.0000,0.4464,288.8460,-166.9080,4.0000,6.0000,1.7306,46,67,49,451,153.2500
590,SMACross,19,26,0.0642,24.9915,56.0000,22.0000,34.0000,0.3929,292.2682,-164.7419,4.0000,6.0000,1.7741,185,214,104,441,236.0000
591,SMACross,19,27,0.0517,26.8296,52.0000,22.0000,30.0000,0.4231,276.3198,-185.3939,5.0000,6.0000,1.4904,211,256,62,529,264.5000
592,SMACross,19,28,-0.1630,38.5073,49.0000,18.0000,31.0000,0.3673,282.4207,-216.5703,4.0000,6.0000,1.3041,531,566,189,570,464.0000
593,SMACross,19,29,-0.1366,38.0976,48.0000,20.0000,28.0000,0.4167,264.3992,-237.6408,4.0000,6.0000,1.1126,497,564,71,588,430.0000
594,SMACross,19,30,-0.1234,35.5057,42.0000,14.0000,28.0000,0.3333,362.0835,-223.7536,3.0000,5.0000,1.6182,482,510,318,494,451.0000
595,SMACross,19,31,-0.1505,37.3596,43.0000,13.0000,30.0000,0.3023,384.7635,-215.6744,2.0000,5.0000,1.7840,514,548,502,437,500.2500
596,SMACross,19,32,-0.1544,35.8369,40.0000,11.0000,29.0000,0.2750,411.1006,-207.9076,2.0000,5.0000,1.9773,519,518,595,346,494.5000
597,SMACross,19,33,-0.1534,36.0850,39.0000,12.0000,27.0000,0.3077,373.7791,-221.5907,2.0000,8.0000,1.6868,516,524,467,468,493.7500
598,SMACross,19,34,-0.1555,37.3407,40.0000,9.0000,31.0000,0.2250,500.4593,-194.2797,2.0000,9.0000,2.5760,521,547,644,73,446.2500
599,SMACross,19,35,-0.1621,37.4109,43.0000,9.0000,34.0000,0.2093,490.8428,-176.5363,2.0000,9.0000,2.7804,530,551,645,33,439.7500
600,SMACross,19,36,-0.1660,35.9928,40.0000,10.0000,30.0000,0.2500,422.4148,-194.1851,2.0000,7.0000,2.1753,535,521,625,243,481.0000
601,SMACross,19,37,-0.1756,38.0973,37.0000,9.0000,28.0000,0.2432,463.1746,-209.5021,2.0000,8.0000,2.2108,541,563,633,228,491.2500
602,SMACross,19,38,-0.1757,39.0337,36.0000,11.0000,25.0000,0.3056,407.0754,-247.0517,2.0000,8.0000,1.6477,542,573,475,485,518.7500
603,SMACross,19,39,-0.1231,34.3878,36.0000,12.0000,24.0000,0.3333,388.0464,-242.7400,2.0000,8.0000,1.5986,481,473,318,500,443.0000
604,SMACross,19,40,-0.1613,33.8690,35.0000,10.0000,25.0000,0.2857,420.2600,-230.2489,2.0000,10.0000,1.8252,528,457,563,416,491.0000
605,SMACross,19,41,-0.1699,35.4205,36.0000,10.0000,26.0000,0.2778,425.6711,-226.7993,2.0000,8.0000,1.8769,539,506,585,392,505.5000
606,SMACross,19,42,-0.1324,32.2999,34.0000,10.0000,24.0000,0.2941,425.9440,-230.0800,2.0000,9.0000,1.8513,489,401,537,402,457.2500
607,SMACross,19,43,-0.1632,35.2849,35.0000,8.0000,27.0000,0.2286,515.4943,-211.0108,2.0000,9.0000,2.4430,532,501,643,105,445.2500
608,SMACross,19,44,-0.1301,32.1995,32.0000,11.0000,21.0000,0.3438,366.9890,-249.0516,2.0000,8.0000,1.4735,487,399,279,536,425.2500
609,SMACross,19,45,-0.0652,28.7411,30.0000,10.0000,20.0000,0.3333,418.8877,-236.2212,2.0000,7.0000,1.7733,414,311,318,442,371.2500
610,SMACross,19,46,-0.1066,31.8217,33.0000,10.0000,23.0000,0.3030,402.8770,-216.6857,2.0000,7.0000,1.8593,459,390,491,398,434.5000
611,SMACross,19,47,-0.0879,31.1755,31.0000,9.0000,22.0000,0.2903,459.3691,-222.7440,2.0000,7.0000,2.0623,438,371,551,308,417.0000
612,SMACross,19,48,-0.0492,27.8159,30.0000,7.0000,23.0000,0.2333,558.2395,-186.1345,2.0000,12.0000,2.9991,393,285,637,11,331.5000
613,SMACross,19,49,-0.0027,26.5931,29.0000,9.0000,20.0000,0.3103,448.5737,-196.9831,2.0000,5.0000,2.2772,330,253,458,186,306.7500
614,SMACross,19,50,0.0172,25.1756,28.0000,9.0000,19.0000,0.3214,458.4256,-201.4287,2.0000,5.0000,2.2759,276,220,402,189,271.7500
615,SMACross,20,10,-0.3035,60.3777,61.0000,38.0000,23.0000,0.6230,101.5233,-299.6925,8.0000,4.0000,0.3388,582,641,1,637,465.2500
616,SMACross,20,11,-0.3818,59.7004,63.0000,35.0000,28.0000,0.5556,93.1018,-252.7176,6.0000,4.0000,0.3684,606,629,12,632,469.7500
617,SMACross,20,12,-0.4161,59.4741,65.0000,37.0000,28.0000,0.5692,84.1489,-259.7967,5.0000,6.0000,0.3239,618,622,10,642,473.0000
618,SMACross,20,13,-0.4121,58.9983,64.0000,37.0000,27.0000,0.5781,95.5889,-277.9859,5.0000,7.0000,0.3439,616,617,8,635,469.0000
619,SMACross,20,14,-0.4287,59.4508,72.0000,38.0000,34.0000,0.5278,97.4759,-231.5147,5.0000,8.0000,0.4210,628,620,24,624,474.0000
620,SMACross,20,15,-0.4452,59.9632,75.0000,40.0000,35.0000,0.5333,86.4566,-223.2271,7.0000,6.0000,0.3873,635,636,22,629,480.5000
621,SMACross,20,16,-0.4666,59.7361,78.0000,40.0000,38.0000,0.5128,86.7711,-214.1196,6.0000,8.0000,0.4052,643,630,32,626,482.7500
622,SMACross,20,17,-0.4563,61.7965,88.0000,48.0000,40.0000,0.5455,91.2972,-223.6227,8.0000,8.0000,0.4083,641,645,17,625,482.0000
623,SMACross,20,18,-0.4533,62.8185,104.0000,54.0000,50.0000,0.5192,95.3298,-193.6235,6.0000,7.0000,0.4923,639,650,28,614,482.7500
624,SMACross,20,19,-0.5155,62.7509,144.0000,63.0000,81.0000,0.4375,83.1641,-128.3211,4.0000,12.0000,0.6481,652,649,54,599,488.5000
625,SMACross,20,20,0.0000,0.0000,,,,,,,,,,312,1,646,646,401.2500
626,SMACross,20,21,-0.0440,25.5750,137.0000,52.0000,85.0000,0.3796,157.6773,-99.6651,5.0000,10.0000,1.5821,385,233,146,505,317.2500
627,SMACross,20,22,0.0460,21.7987,99.0000,40.0000,59.0000,0.4040,193.3602,-123.2903,4.0000,6.0000,1.5683,228,146,83,513,242.5000
628,SMACross,20,23,0.0748,21.6984,78.0000,29.0000,49.0000,0.3718,247.1122,-130.9804,4.0000,9.0000,1.8866,168,144,178,387,219.2500
629,SMACross,20,24,0.1424,22.5750,68.0000,27.0000,41.0000,0.3971,273.0878,-145.1108,3.0000,6.0000,1.8819,75,162,96,390,180.7500
630,SMACross,20,25,0.1691,21.8985,61.0000,27.0000,34.0000,0.4426,268.8534,-163.7689,4.0000,8.0000,1.6417,59,149,51,487,186.5000
631,SMACross,20,26,-0.0207,27.7996,58.0000,22.0000,36.0000,0.3793,264.1700,-167.1837,4.0000,6.0000,1.5801,352,284,147,507,322.5000
632,SMACross,20,27,-0.1348,36.4487,52.0000,20.0000,32.0000,0.3846,278.6106,-216.2704,4.0000,6.0000,1.2883,495,535,126,575,432.7500
633,SMACross,20,28,-0.1226,37.7247,52.0000,20.0000,32.0000,0.3846,272.0195,-208.3093,4.0000,6.0000,1.3058,480,556,126,569,432.7500
634,SMACross,20,29,-0.1845,38.5709,50.0000,20.0000,30.0000,0.4000,246.2728,-225.6933,6.0000,7.0000,1.0912,549,567,86,589,447.7500
635,SMACross,20,30,-0.1076,35.0522,46.0000,19.0000,27.0000,0.4130,283.0753,-239.0366,3.0000,7.0000,1.1842,462,495,77,582,404.0000
636,SMACross,20,31,-0.1609,36.7950,41.0000,14.0000,27.0000,0.3415,356.9817,-242.5064,2.0000,8.0000,1.4721,527,539,301,538,476.2500
637,SMACross,20,32,-0.1954,38.3505,41.0000,12.0000,29.0000,0.2927,391.7851,-227.5286,2.0000,8.0000,1.7219,555,565,547,454,530.2500
638,SMACross,20,33,-0.1938,38.6624,41.0000,11.0000,30.0000,0.2683,423.3523,-217.9536,2.0000,9.0000,1.9424,552,568,610,370,525.0000
639,SMACross,20,34,-0.1833,38.9168,40.0000,10.0000,30.0000,0.2500,486.8846,-221.4625,2.0000,9.0000,2.1985,548,572,625,232,494.2500
640,SMACross,20,35,-0.1351,32.7193,41.0000,13.0000,28.0000,0.3171,366.2913,-216.1462,2.0000,5.0000,1.6946,496,412,418,466,448.0000
641,SMACross,20,36,-0.1307,33.1043,43.0000,13.0000,30.0000,0.3023,344.8280,-190.9633,2.0000,7.0000,1.8057,488,426,502,427,460.7500
642,SMACross,20,37,-0.1255,32.6627,38.0000,10.0000,28.0000,0.2632,430.2251,-196.2708,2.0000,8.0000,2.1920,484,411,616,237,437.0000
643,SMACross,20,38,-0.1196,31.9131,39.0000,9.0000,30.0000,0.2308,481.2862,-182.1857,2.0000,8.0000,2.6417,475,392,639,56,390.5000
644,SMACross,20,39,-0.1466,33.6057,37.0000,11.0000,26.0000,0.2973,392.3431,-218.3018,2.0000,8.0000,1.7973,509,446,527,429,477.7500
645,SMACross,20,40,-0.1414,33.0886,35.0000,11.0000,24.0000,0.3143,387.3487,-231.9986,2.0000,8.0000,1.6696,504,425,439,474,460.5000
646,SMACross,20,41,-0.1928,36.2104,35.0000,9.0000,26.0000,0.2571,441.1708,-223.0118,2.0000,10.0000,1.9782,550,529,621,345,511.2500
647,SMACross,20,42,-0.1819,35.6519,36.0000,9.0000,27.0000,0.2500,440.8642,-210.5475,2.0000,11.0000,2.0939,547,515,625,285,493.0000
648,SMACross,20,43,-0.1935,36.1498,35.0000,10.0000,25.0000,0.2857,414.5512,-239.2189,2.0000,10.0000,1.7329,551,526,563,450,522.5000
649,SMACross,20,44,-0.1112,32.1151,34.0000,13.0000,21.0000,0.3824,322.6127,-247.4076,3.0000,8.0000,1.3040,467,396,139,571,393.2500
650,SMACross,20,45,-0.1396,31.5944,33.0000,10.0000,23.0000,0.3030,374.6815,-218.9535,2.0000,8.0000,1.7112,501,383,491,458,458.2500
651,SMACross,20,46,-0.1041,32.2497,31.0000,10.0000,21.0000,0.3226,408.9584,-239.0251,2.0000,8.0000,1.7109,455,400,387,459,425.2500
652,SMACross,20,47,-0.0648,29.8744,32.0000,8.0000,24.0000,0.2500,514.4823,-193.6284,2.0000,7.0000,2.6571,413,337,625,48,355.7500
653,SMACross,20,48,-0.0557,30.1451,29.0000,11.0000,18.0000,0.3793,369.3516,-250.1189,2.0000,5.0000,1.4767,403,346,147,534,357.5000
654,SMACross,20,49,-0.0447,28.5999,29.0000,10.0000,19.0000,0.3448,397.4869,-226.4542,2.0000,5.0000,1.7553,388,306,271,445,352.5000
655,SMACross,20,50,0.0184,25.4166,28.0000,10.0000,18.0000,0.3571,428.2941,-220.6803,2.0000,5.0000,1.9408,274,227,223,371,273.7500
